Gene,Chrom,Position,DNA_change,Protein_Change,Revel,CADDPhred,Classification,Surface Area,Normalized SA,Confidence Score,ddG,|ddG|
TMPRSS3,21,42372770,NM_024022.4:c.1357A>G,NP_076927.1:p.Lys453Glu,0.462,20.5,['Likely%20benign'],107.93,0.45,0.0,0.1,0.1
TMPRSS3,21,42372773,NM_024022.4:c.1354C>G,NP_076927.1:p.Leu452Val,0.372,15.46,['Likely%20benign'],66.83,0.34,0.0,0.2,0.2
TMPRSS3,21,42372775,NM_024022.4:c.1352A>T,NP_076927.1:p.Asp451Val,0.518,22.9,['Unknown%20significance'],11.9,0.07,0.0,-0.6,0.6
TMPRSS3,21,42372775,NM_024022.4:c.1352A>G,NP_076927.1:p.Asp451Gly,0.371,23.0,['Unknown%20significance'],11.9,0.07,0.0,0.8,0.8
TMPRSS3,21,42375718,NM_024022.4:c.1345G>C,NP_076927.1:p.Glu449Gln,0.197,24.1,['Unknown%20significance'],0.0,0.0,0.0,-0.6,0.6
TMPRSS3,21,42375719,NM_024022.4:c.1344G>A,NP_076927.1:p.Met448Ile,0.169,23.3,['Unknown%20significance'],0.0,0.0,0.0,-0.9,0.9
TMPRSS3,21,42375720,NM_024022.4:c.1343T>C,NP_076927.1:p.Met448Thr,0.437,23.7,['Pathogenic'],0.0,0.0,0.0,1.5,1.5
TMPRSS3,21,42375722,NM_024022.4:c.1341G>C,NP_076927.1:p.Gln447His,0.352,22.9,['Unknown%20significance'],26.15,0.13,0.0,-0.1,0.1
TMPRSS3,21,42375724,NM_024022.4:c.1339C>G,NP_076927.1:p.Gln447Glu,0.244,23.1,['Unknown%20significance'],26.15,0.13,0.0,0.5,0.5
TMPRSS3,21,42375725,NM_024022.4:c.1338G>T,NP_076927.1:p.Glu446Asp,0.280,23.0,['Unknown%20significance'],3.65,0.01,0.0,0.4,0.4
TMPRSS3,21,42375725,NM_024022.4:c.1338G>C,NP_076927.1:p.Glu446Asp,0.280,23.0,['Unknown%20significance'],3.65,0.01,0.0,0.4,0.4
TMPRSS3,21,42375726,NM_024022.4:c.1337A>G,NP_076927.1:p.Glu446Gly,0.268,26.1,['Unknown%20significance'],3.65,0.01,0.0,1.0,1.0
TMPRSS3,21,42375726,NM_024022.4:c.1337A>C,NP_076927.1:p.Glu446Ala,0.204,23.4,['Unknown%20significance'],3.65,0.01,0.0,-0.3,0.3
TMPRSS3,21,42375727,NM_024022.4:c.1336G>C,NP_076927.1:p.Glu446Gln,0.138,17.70,['Unknown%20significance'],3.65,0.01,0.0,-0.5,0.5
TMPRSS3,21,42375727,NM_024022.4:c.1336G>A,NP_076927.1:p.Glu446Lys,0.320,21.2,['Unknown%20significance'],3.65,0.01,0.0,0.3,0.3
TMPRSS3,21,42375730,NM_024022.4:c.1333C>T,NP_076927.1:p.His445Tyr,0.258,22.9,['Unknown%20significance'],4.08,0.01,0.0,-1.2,1.2
TMPRSS3,21,42375732,NM_024022.4:c.1331T>C,NP_076927.1:p.Ile444Thr,0.968,29.5,['Likely%20pathogenic'],0.0,0.0,0.0,4.0,4.0
TMPRSS3,21,42375736,NM_024022.4:c.1327T>C,NP_076927.1:p.Trp443Arg,0.955,31,['Unknown%20significance'],2.37,0.0,0.0,4.9,4.9
TMPRSS3,21,42375736,NM_024022.4:c.1327T>A,NP_076927.1:p.Trp443Arg,0.954,31,['Unknown%20significance'],2.37,0.0,0.0,4.9,4.9
TMPRSS3,21,42375737,NM_024022.4:c.1326C>G,NP_076927.1:p.Asp442Glu,0.321,22.9,['Unknown%20significance'],53.54,0.33,0.0,-0.0,0.0
TMPRSS3,21,42375737,NM_024022.4:c.1326C>A,NP_076927.1:p.Asp442Glu,0.321,22.9,['Unknown%20significance'],53.54,0.33,0.0,-0.0,0.0
TMPRSS3,21,42375742,NM_024022.4:c.1321C>A,NP_076927.1:p.Leu441Met,0.431,24.9,['Unknown%20significance'],1.05,0.0,0.0,0.4,0.4
TMPRSS3,21,42375747,NM_024022.4:c.1316C>T,NP_076927.1:p.Ser439Phe,0.399,21.8,['Unknown%20significance'],53.35,0.38,0.0,-1.0,1.0
TMPRSS3,21,42375748,NM_024022.4:c.1315T>C,NP_076927.1:p.Ser439Pro,0.612,18.56,['Likely%20benign'],53.35,0.38,0.0,0.0,0.0
TMPRSS3,21,42375754,NM_024022.4:c.1309G>C,NP_076927.1:p.Val437Leu,0.339,12.92,['Unknown%20significance'],0.0,0.0,0.0,0.6,0.6
TMPRSS3,21,42375754,NM_024022.4:c.1309G>A,NP_076927.1:p.Val437Ile,0.265,5.766,['Benign'],0.0,0.0,0.0,0.0,0.0
TMPRSS3,21,42375756,NM_024022.4:c.1307G>C,NP_076927.1:p.Arg436Pro,0.676,25.7,['Pathogenic'],46.9,0.17,0.0,1.1,1.1
TMPRSS3,21,42375756,NM_024022.4:c.1307G>A,NP_076927.1:p.Arg436His,0.554,25.5,['Likely%20pathogenic'],46.9,0.17,0.0,0.2,0.2
TMPRSS3,21,42375757,NM_024022.4:c.1306C>T,NP_076927.1:p.Arg436Cys,0.665,27.2,['Likely%20pathogenic'],46.9,0.17,0.0,0.7,0.7
TMPRSS3,21,42375757,NM_024022.4:c.1306C>G,NP_076927.1:p.Arg436Gly,0.679,25.5,['Pathogenic'],46.9,0.17,0.0,1.7,1.7
TMPRSS3,21,42375757,NM_024022.4:c.1306C>A,NP_076927.1:p.Arg436Ser,0.510,23.5,['Unknown%20significance'],46.9,0.17,0.0,1.0,1.0
TMPRSS3,21,42375759,NM_024022.4:c.1304C>T,NP_076927.1:p.Thr435Ile,0.705,23.1,['Unknown%20significance'],0.0,0.0,0.0,-1.2,1.2
TMPRSS3,21,42375759,NM_024022.4:c.1304C>A,NP_076927.1:p.Thr435Asn,0.559,22.8,['Unknown%20significance'],0.0,0.0,0.0,1.5,1.5
TMPRSS3,21,42375760,NM_024022.4:c.1303A>G,NP_076927.1:p.Thr435Ala,0.436,22.3,['Unknown%20significance'],0.0,0.0,0.0,0.4,0.4
TMPRSS3,21,42375760,NM_024022.4:c.1303A>C,NP_076927.1:p.Thr435Pro,0.734,23.7,['Unknown%20significance'],0.0,0.0,0.0,1.6,1.6
TMPRSS3,21,42375763,NM_024022.4:c.1300T>C,NP_076927.1:p.Tyr434His,0.909,26.3,['Unknown%20significance'],0.0,0.0,0.0,2.7,2.7
TMPRSS3,21,42375763,NM_024022.4:c.1300T>A,NP_076927.1:p.Tyr434Asn,0.840,26.4,['Unknown%20significance'],0.0,0.0,0.0,4.4,4.4
TMPRSS3,21,42375765,NM_024022.4:c.1298T>G,NP_076927.1:p.Val433Gly,0.950,26.9,['Unknown%20significance'],0.0,0.0,0.0,4.3,4.3
TMPRSS3,21,42375766,NM_024022.4:c.1297G>A,NP_076927.1:p.Val433Met,0.863,24.8,['Unknown%20significance'],0.0,0.0,0.0,1.1,1.1
TMPRSS3,21,42375768,NM_024022.4:c.1295G>C,NP_076927.1:p.Gly432Ala,0.809,23.8,['Unknown%20significance'],1.22,0.01,0.0,-0.8,0.8
TMPRSS3,21,42375772,NM_024022.4:c.1291C>T,NP_076927.1:p.Pro431Ser,0.935,25.8,['Likely%20pathogenic'],0.0,0.0,0.0,1.1,1.1
TMPRSS3,21,42375772,NM_024022.4:c.1291C>A,NP_076927.1:p.Pro431Thr,0.929,25.3,['Likely%20pathogenic'],0.0,0.0,0.0,0.5,0.5
TMPRSS3,21,42375773,NM_024022.4:c.1290G>C,NP_076927.1:p.Lys430Asn,0.599,23.8,['Unknown%20significance'],55.1,0.23,0.0,-0.2,0.2
TMPRSS3,21,42375774,NM_024022.4:c.1289A>C,NP_076927.1:p.Lys430Thr,0.717,23.6,['Unknown%20significance'],55.1,0.23,0.0,-0.5,0.5
TMPRSS3,21,42375777,NM_024022.4:c.1286A>G,NP_076927.1:p.Asn429Ser,0.609,27.3,['Pathogenic'],44.22,0.27,0.0,0.2,0.2
TMPRSS3,21,42375780,NM_024022.4:c.1283T>G,NP_076927.1:p.Val428Gly,0.340,12.66,['Likely%20benign'],106.2,0.61,0.0,0.6,0.6
TMPRSS3,21,42375780,NM_024022.4:c.1283T>C,NP_076927.1:p.Val428Ala,0.251,6.567,['Likely%20benign'],106.2,0.61,0.0,0.2,0.2
TMPRSS3,21,42375781,NM_024022.4:c.1282G>A,NP_076927.1:p.Val428Met,0.310,19.20,['Likely%20benign'],106.2,0.61,0.0,-0.1,0.1
TMPRSS3,21,42375782,NM_024022.4:c.1281G>C,NP_076927.1:p.Glu427Asp,0.258,6.754,['Likely%20benign'],86.55,0.44,0.0,0.1,0.1
TMPRSS3,21,42375784,NM_024022.4:c.1279G>A,NP_076927.1:p.Glu427Lys,0.317,14.76,['Unknown%20significance'],86.55,0.44,0.0,0.0,0.0
TMPRSS3,21,42375787,NM_024022.4:c.1276G>A,NP_076927.1:p.Ala426Thr,0.561,25.6,['Pathogenic'],24.25,0.19,0.0,-0.0,0.0
TMPRSS3,21,42375788,NM_024022.4:c.1275C>G,NP_076927.1:p.Cys425Trp,0.687,22.6,['Unknown%20significance'],18.52,0.11,0.0,1.1,1.1
TMPRSS3,21,42375790,NM_024022.4:c.1273T>C,NP_076927.1:p.Cys425Arg,0.887,27.7,['Pathogenic'],18.52,0.11,0.0,1.9,1.9
TMPRSS3,21,42375793,NM_024022.4:c.1270G>C,NP_076927.1:p.Gly424Arg,0.910,26.6,['Unknown%20significance'],32.9,0.34,0.0,-0.5,0.5
TMPRSS3,21,42375793,NM_024022.4:c.1270G>A,NP_076927.1:p.Gly424Ser,0.891,26.1,['Unknown%20significance'],32.9,0.34,0.0,-0.3,0.3
TMPRSS3,21,42375794,NM_024022.4:c.1269C>G,NP_076927.1:p.Ile423Met,0.332,1.443,['Likely%20benign'],103.28,0.52,0.0,0.1,0.1
TMPRSS3,21,42375796,NM_024022.4:c.1267A>G,NP_076927.1:p.Ile423Val,0.226,14.06,['Likely%20benign'],103.28,0.52,0.0,0.1,0.1
TMPRSS3,21,42375798,NM_024022.4:c.1265G>A,NP_076927.1:p.Gly422Asp,0.889,25.9,['Unknown%20significance'],28.13,0.29,0.0,0.5,0.5
TMPRSS3,21,42375803,NM_024022.4:c.1260C>A,NP_076927.1:p.Ser420Arg,0.922,24.9,['Unknown%20significance'],0.17,0.0,0.0,0.1,0.1
TMPRSS3,21,42375804,NM_024022.4:c.1259G>C,NP_076927.1:p.Ser420Thr,0.903,25.4,['Unknown%20significance'],0.17,0.0,0.0,-0.2,0.2
TMPRSS3,21,42375804,NM_024022.4:c.1259G>A,NP_076927.1:p.Ser420Asn,0.817,25.5,['Unknown%20significance'],0.17,0.0,0.0,0.6,0.6
TMPRSS3,21,42375807,NM_024022.4:c.1256C>T,NP_076927.1:p.Thr419Ile,0.616,25.1,['Unknown%20significance'],7.26,0.04,0.0,-1.4,1.4
TMPRSS3,21,42375807,NM_024022.4:c.1256C>A,NP_076927.1:p.Thr419Asn,0.544,24.9,['Unknown%20significance'],7.26,0.04,0.0,1.1,1.1
TMPRSS3,21,42375810,NM_024022.4:c.1253C>T,NP_076927.1:p.Ala418Val,0.247,18.17,['Pathogenic'],0.0,0.0,0.0,-2.7,2.7
TMPRSS3,21,42375810,NM_024022.4:c.1253C>G,NP_076927.1:p.Ala418Gly,0.359,25.2,['Unknown%20significance'],0.0,0.0,0.0,2.0,2.0
TMPRSS3,21,42375811,NM_024022.4:c.1252G>C,NP_076927.1:p.Ala418Pro,0.538,22.9,['Unknown%20significance'],0.0,0.0,0.0,1.1,1.1
TMPRSS3,21,42375811,NM_024022.4:c.1252G>A,NP_076927.1:p.Ala418Thr,0.204,17.95,['Likely%20benign'],0.0,0.0,0.0,-0.2,0.2
TMPRSS3,21,42375813,NM_024022.4:c.1250G>A,NP_076927.1:p.Gly417Glu,0.983,26.4,['Pathogenic'],0.0,0.0,0.0,1.8,1.8
TMPRSS3,21,42375816,NM_024022.4:c.1247T>C,NP_076927.1:p.Val416Ala,0.817,23.7,['Unknown%20significance'],0.0,0.0,0.0,2.4,2.4
TMPRSS3,21,42375817,NM_024022.4:c.1246G>C,NP_076927.1:p.Val416Leu,0.829,25.3,['Unknown%20significance'],0.0,0.0,0.0,0.3,0.3
TMPRSS3,21,42375819,NM_024022.4:c.1244T>C,NP_076927.1:p.Leu415Ser,0.957,28.9,['Pathogenic'],0.0,0.0,0.0,4.5,4.5
TMPRSS3,21,42375820,NM_024022.4:c.1243T>A,NP_076927.1:p.Leu415Ile,0.627,22.3,['Unknown%20significance'],0.0,0.0,0.0,0.5,0.5
TMPRSS3,21,42375828,NM_024022.4:c.1235T>C,NP_076927.1:p.Leu412Pro,0.289,22.7,['Unknown%20significance'],38.55,0.19,0.0,1.1,1.1
TMPRSS3,21,42375834,NM_024022.4:c.1229G>A,NP_076927.1:p.Arg410Lys,0.082,18.60,['Likely%20benign'],164.83,0.61,0.0,0.4,0.4
TMPRSS3,21,42375836,NM_024022.4:c.1227G>C,NP_076927.1:p.Glu409Asp,0.219,12.79,['Unknown%20significance'],26.53,0.13,0.0,0.0,0.0
TMPRSS3,21,42375838,NM_024022.4:c.1225G>C,NP_076927.1:p.Glu409Gln,0.201,18.89,['Unknown%20significance'],26.53,0.13,0.0,-0.3,0.3
TMPRSS3,21,42375844,NM_024022.4:c.1219T>C,NP_076927.1:p.Cys407Arg,0.784,28.2,['Pathogenic'],0.0,0.0,0.0,1.6,1.6
TMPRSS3,21,42375847,NM_024022.4:c.1216G>T,NP_076927.1:p.Val406Leu,0.615,23.6,['Unknown%20significance'],0.0,0.0,0.0,0.2,0.2
TMPRSS3,21,42375852,NM_024022.4:c.1211C>T,NP_076927.1:p.Pro404Leu,0.942,29.8,['Likely%20pathogenic'],0.0,0.0,0.0,-0.0,0.0
TMPRSS3,21,42375853,NM_024022.4:c.1210C>G,NP_076927.1:p.Pro404Ala,0.881,26.8,['Unknown%20significance'],0.0,0.0,0.0,1.0,1.0
TMPRSS3,21,42375855,NM_024022.4:c.1208G>A,NP_076927.1:p.Gly403Glu,0.942,25.4,['Unknown%20significance'],0.0,0.0,0.0,1.1,1.1
TMPRSS3,21,42375858,NM_024022.4:c.1205G>A,NP_076927.1:p.Gly402Glu,0.972,25.2,['Unknown%20significance'],0.0,0.0,0.0,1.9,1.9
TMPRSS3,21,42375859,NM_024022.4:c.1204G>T,NP_076927.1:p.Gly402Trp,0.956,26.6,['Likely%20pathogenic'],0.0,0.0,0.0,-0.4,0.4
TMPRSS3,21,42375859,NM_024022.4:c.1204G>A,NP_076927.1:p.Gly402Arg,0.970,25.8,['Likely%20pathogenic'],0.0,0.0,0.0,0.3,0.3
TMPRSS3,21,42375860,NM_024022.4:c.1203C>G,NP_076927.1:p.Ser401Arg,0.850,17.38,['Unknown%20significance'],4.71,0.03,0.0,-0.2,0.2
TMPRSS3,21,42375863,NM_024022.4:c.1200C>G,NP_076927.1:p.Asp400Glu,0.916,24.7,['Unknown%20significance'],5.25,0.03,0.0,0.8,0.8
TMPRSS3,21,42375864,NM_024022.4:c.1199A>T,NP_076927.1:p.Asp400Val,0.979,27.6,['Unknown%20significance'],5.25,0.03,0.0,0.7,0.7
TMPRSS3,21,42375867,NM_024022.4:c.1196G>T,NP_076927.1:p.Gly399Val,0.968,29.0,['Unknown%20significance'],0.0,0.0,0.0,0.4,0.4
TMPRSS3,21,42375867,NM_024022.4:c.1196G>A,NP_076927.1:p.Gly399Glu,0.977,29.9,['Unknown%20significance'],0.0,0.0,0.0,1.4,1.4
TMPRSS3,21,42375868,NM_024022.4:c.1195G>C,NP_076927.1:p.Gly399Arg,0.979,32,['Unknown%20significance'],0.0,0.0,0.0,0.1,0.1
TMPRSS3,21,42375868,NM_024022.4:c.1195G>A,NP_076927.1:p.Gly399Arg,0.979,32,['Unknown%20significance'],0.0,0.0,0.0,0.1,0.1
TMPRSS3,21,42376542,NM_024022.4:c.1193A>G,NP_076927.1:p.Gln398Arg,0.893,33,['Unknown%20significance'],115.56,0.58,0.0,-0.2,0.2
TMPRSS3,21,42376542,NM_024022.4:c.1193A>C,NP_076927.1:p.Gln398Pro,0.964,33,['Unknown%20significance'],115.56,0.58,0.0,0.4,0.4
TMPRSS3,21,42376545,NM_024022.4:c.1190G>T,NP_076927.1:p.Cys397Phe,0.901,27.1,['Unknown%20significance'],10.23,0.06,0.0,2.0,2.0
TMPRSS3,21,42376548,NM_024022.4:c.1187G>A,NP_076927.1:p.Ser396Asn,0.651,25.5,['Unknown%20significance'],6.7,0.04,0.0,0.2,0.2
TMPRSS3,21,42376552,NM_024022.4:c.1183G>C,NP_076927.1:p.Asp395His,0.853,26.4,['Pathogenic'],13.53,0.08,0.0,-0.6,0.6
TMPRSS3,21,42376552,NM_024022.4:c.1183G>A,NP_076927.1:p.Asp395Asn,0.729,26.3,['Unknown%20significance'],13.53,0.08,0.0,-0.2,0.2
TMPRSS3,21,42376555,NM_024022.4:c.1180G>A,NP_076927.1:p.Val394Met,0.262,23.0,['Unknown%20significance'],64.73,0.37,0.0,0.0,0.0
TMPRSS3,21,42376557,NM_024022.4:c.1178G>T,NP_076927.1:p.Gly393Val,0.712,23.5,['Unknown%20significance'],70.34,0.73,0.0,-0.1,0.1
TMPRSS3,21,42376557,NM_024022.4:c.1178G>A,NP_076927.1:p.Gly393Asp,0.688,23.6,['Unknown%20significance'],70.34,0.73,0.0,-0.0,0.0
TMPRSS3,21,42376558,NM_024022.4:c.1177G>A,NP_076927.1:p.Gly393Ser,0.616,22.9,['Unknown%20significance'],70.34,0.73,0.0,-0.1,0.1
TMPRSS3,21,42376561,NM_024022.4:c.1174G>A,NP_076927.1:p.Gly392Ser,0.785,24.5,['Unknown%20significance'],4.27,0.04,0.0,-0.2,0.2
TMPRSS3,21,42376563,NM_024022.4:c.1172C>T,NP_076927.1:p.Thr391Met,0.111,16.57,['Unknown%20significance'],130.26,0.82,0.0,-0.1,0.1
TMPRSS3,21,42376563,NM_024022.4:c.1172C>G,NP_076927.1:p.Thr391Arg,0.085,11.64,['Likely%20benign'],130.26,0.82,0.0,-0.1,0.1
TMPRSS3,21,42376563,NM_024022.4:c.1172C>A,NP_076927.1:p.Thr391Lys,0.093,6.284,['Likely%20benign'],130.26,0.82,0.0,0.2,0.2
TMPRSS3,21,42376564,NM_024022.4:c.1171A>C,NP_076927.1:p.Thr391Pro,0.101,22.3,['Unknown%20significance'],130.26,0.82,0.0,0.2,0.2
TMPRSS3,21,42376566,NM_024022.4:c.1169T>C,NP_076927.1:p.Leu390Pro,0.809,25.6,['Unknown%20significance'],56.97,0.29,0.0,1.1,1.1
TMPRSS3,21,42376567,NM_024022.4:c.1168C>G,NP_076927.1:p.Leu390Val,0.673,23.3,['Unknown%20significance'],56.97,0.29,0.0,0.3,0.3
TMPRSS3,21,42376567,NM_024022.4:c.1168C>A,NP_076927.1:p.Leu390Met,0.634,23.9,['Unknown%20significance'],56.97,0.29,0.0,0.1,0.1
TMPRSS3,21,42376575,NM_024022.4:c.1160C>T,NP_076927.1:p.Ala387Val,0.841,26.2,['Likely%20pathogenic'],0.0,0.0,0.0,-1.0,1.0
TMPRSS3,21,42376576,NM_024022.4:c.1159G>T,NP_076927.1:p.Ala387Ser,0.839,24.6,['Unknown%20significance'],0.0,0.0,0.0,1.2,1.2
TMPRSS3,21,42376576,NM_024022.4:c.1159G>C,NP_076927.1:p.Ala387Pro,0.900,25.3,['Likely%20pathogenic'],0.0,0.0,0.0,1.6,1.6
TMPRSS3,21,42376576,NM_024022.4:c.1159G>A,NP_076927.1:p.Ala387Thr,0.787,25.0,['Pathogenic'],0.0,0.0,0.0,0.7,0.7
TMPRSS3,21,42376579,NM_024022.4:c.1156T>G,NP_076927.1:p.Cys386Gly,0.976,27.8,['Unknown%20significance'],0.0,0.0,0.0,5.4,5.4
TMPRSS3,21,42376579,NM_024022.4:c.1156T>C,NP_076927.1:p.Cys386Arg,0.982,28.3,['Pathogenic'],0.0,0.0,0.0,4.0,4.0
TMPRSS3,21,42376582,NM_024022.4:c.1153C>T,NP_076927.1:p.Leu385Phe,0.496,23.5,['Unknown%20significance'],0.16,0.0,0.0,-0.1,0.1
TMPRSS3,21,42376582,NM_024022.4:c.1153C>A,NP_076927.1:p.Leu385Ile,0.246,13.97,['Unknown%20significance'],0.16,0.0,0.0,-0.2,0.2
TMPRSS3,21,42376583,NM_024022.4:c.1152G>T,NP_076927.1:p.Met384Ile,0.809,25.5,['Unknown%20significance'],1.87,0.0,0.0,0.0,0.0
TMPRSS3,21,42376584,NM_024022.4:c.1151T>G,NP_076927.1:p.Met384Arg,0.928,28.2,['Pathogenic'],1.87,0.0,0.0,1.5,1.5
TMPRSS3,21,42376584,NM_024022.4:c.1151T>A,NP_076927.1:p.Met384Lys,0.920,27.8,['Unknown%20significance'],1.87,0.0,0.0,2.6,2.6
TMPRSS3,21,42376585,NM_024022.4:c.1150A>G,NP_076927.1:p.Met384Val,0.795,25.5,['Unknown%20significance'],1.87,0.0,0.0,0.3,0.3
TMPRSS3,21,42376587,NM_024022.4:c.1148C>T,NP_076927.1:p.Ser383Phe,0.604,26.8,['Unknown%20significance'],27.31,0.19,0.0,-0.9,0.9
TMPRSS3,21,42376588,NM_024022.4:c.1147T>G,NP_076927.1:p.Ser383Ala,0.411,16.81,['Unknown%20significance'],27.31,0.19,0.0,-0.1,0.1
TMPRSS3,21,42376588,NM_024022.4:c.1147T>A,NP_076927.1:p.Ser383Thr,0.390,16.98,['Unknown%20significance'],27.31,0.19,0.0,-0.4,0.4
TMPRSS3,21,42376593,NM_024022.4:c.1142C>T,NP_076927.1:p.Ser381Phe,0.497,24.5,['Unknown%20significance'],36.33,0.26,0.0,-0.7,0.7
TMPRSS3,21,42376593,NM_024022.4:c.1142C>A,NP_076927.1:p.Ser381Tyr,0.564,24.0,['Unknown%20significance'],36.33,0.26,0.0,-0.9,0.9
TMPRSS3,21,42376599,NM_024022.4:c.1136T>C,NP_076927.1:p.Ile379Thr,0.481,23.7,['Unknown%20significance'],103.02,0.52,0.0,0.4,0.4
TMPRSS3,21,42376600,NM_024022.4:c.1135A>G,NP_076927.1:p.Ile379Val,0.185,19.02,['Unknown%20significance'],103.02,0.52,0.0,0.1,0.1
TMPRSS3,21,42376602,NM_024022.4:c.1133G>A,NP_076927.1:p.Gly378Asp,0.644,24.1,['Unknown%20significance'],54.42,0.57,0.0,0.0,0.0
TMPRSS3,21,42376603,NM_024022.4:c.1132G>T,NP_076927.1:p.Gly378Cys,0.744,27.7,['Unknown%20significance'],54.42,0.57,0.0,-0.1,0.1
TMPRSS3,21,42376603,NM_024022.4:c.1132G>A,NP_076927.1:p.Gly378Ser,0.634,24.3,['Unknown%20significance'],54.42,0.57,0.0,-0.1,0.1
TMPRSS3,21,42376605,NM_024022.4:c.1130G>A,NP_076927.1:p.Gly377Asp,0.436,23.3,['Unknown%20significance'],54.31,0.56,0.0,-0.1,0.1
TMPRSS3,21,42376606,NM_024022.4:c.1129G>C,NP_076927.1:p.Gly377Arg,0.542,24.7,['Unknown%20significance'],54.31,0.56,0.0,-0.5,0.5
TMPRSS3,21,42376606,NM_024022.4:c.1129G>A,NP_076927.1:p.Gly377Ser,0.381,23.4,['Pathogenic'],54.31,0.56,0.0,-0.2,0.2
TMPRSS3,21,42376611,NM_024022.4:c.1124T>C,NP_076927.1:p.Val375Ala,0.537,26.4,['Unknown%20significance'],3.66,0.02,0.0,1.0,1.0
TMPRSS3,21,42376611,NM_024022.4:c.1124T>A,NP_076927.1:p.Val375Glu,0.614,27.2,['Unknown%20significance'],3.66,0.02,0.0,1.4,1.4
TMPRSS3,21,42376612,NM_024022.4:c.1123G>T,NP_076927.1:p.Val375Leu,0.384,24.3,['Unknown%20significance'],3.66,0.02,0.0,-0.1,0.1
TMPRSS3,21,42376612,NM_024022.4:c.1123G>A,NP_076927.1:p.Val375Met,0.397,25.0,['Unknown%20significance'],3.66,0.02,0.0,-0.0,0.0
TMPRSS3,21,42376613,NM_024022.4:c.1122C>A,NP_076927.1:p.Asp374Glu,0.205,0.001,['Likely%20benign'],67.29,0.42,0.0,-0.1,0.1
TMPRSS3,21,42376614,NM_024022.4:c.1121A>T,NP_076927.1:p.Asp374Val,0.331,22.4,['Unknown%20significance'],67.29,0.42,0.0,-0.6,0.6
TMPRSS3,21,42376614,NM_024022.4:c.1121A>G,NP_076927.1:p.Asp374Gly,0.256,22.0,['Likely%20benign'],67.29,0.42,0.0,0.3,0.3
TMPRSS3,21,42376615,NM_024022.4:c.1120G>C,NP_076927.1:p.Asp374His,0.303,23.0,['Unknown%20significance'],67.29,0.42,0.0,-0.6,0.6
TMPRSS3,21,42376622,NM_024022.4:c.1113C>G,NP_076927.1:p.Asn371Lys,0.560,25.6,['Unknown%20significance'],35.07,0.21,0.0,0.4,0.4
TMPRSS3,21,42376622,NM_024022.4:c.1113C>A,NP_076927.1:p.Asn371Lys,0.560,25.8,['Unknown%20significance'],35.07,0.21,0.0,0.4,0.4
TMPRSS3,21,42376630,NM_024022.4:c.1105A>T,NP_076927.1:p.Ile369Phe,0.293,17.06,['Likely%20benign'],101.88,0.51,0.0,-0.0,0.0
TMPRSS3,21,42376634,NM_024022.4:c.1101C>A,NP_076927.1:p.Asn367Lys,0.651,24.2,['Unknown%20significance'],33.39,0.2,0.0,0.2,0.2
TMPRSS3,21,42376645,NM_024022.4:c.1090T>G,NP_076927.1:p.Leu364Val,0.518,21.5,['Unknown%20significance'],1.71,0.0,0.0,0.1,0.1
TMPRSS3,21,42376648,NM_024022.4:c.1087C>T,NP_076927.1:p.Pro363Ser,0.675,25.7,['Unknown%20significance'],19.62,0.12,0.0,0.3,0.3
TMPRSS3,21,42376648,NM_024022.4:c.1087C>A,NP_076927.1:p.Pro363Thr,0.704,25.4,['Unknown%20significance'],19.62,0.12,0.0,-0.2,0.2
TMPRSS3,21,42376651,NM_024022.4:c.1084G>A,NP_076927.1:p.Val362Ile,0.498,23.5,['Unknown%20significance'],0.0,0.0,0.0,-0.0,0.0
TMPRSS3,21,42376656,NM_024022.4:c.1079C>T,NP_076927.1:p.Ala360Val,0.385,24.1,['Unknown%20significance'],8.76,0.06,0.0,-1.0,1.0
TMPRSS3,21,42376656,NM_024022.4:c.1079C>A,NP_076927.1:p.Ala360Glu,0.681,26.4,['Unknown%20significance'],8.76,0.06,0.0,0.9,0.9
TMPRSS3,21,42376657,NM_024022.4:c.1078G>T,NP_076927.1:p.Ala360Ser,0.498,25.4,['Unknown%20significance'],8.76,0.06,0.0,0.7,0.7
TMPRSS3,21,42376657,NM_024022.4:c.1078G>C,NP_076927.1:p.Ala360Pro,0.698,26.7,['Unknown%20significance'],8.76,0.06,0.0,0.9,0.9
TMPRSS3,21,42376657,NM_024022.4:c.1078G>A,NP_076927.1:p.Ala360Thr,0.511,26.2,['Unknown%20significance'],8.76,0.06,0.0,0.1,0.1
TMPRSS3,21,42376658,NM_024022.4:c.1077C>G,NP_076927.1:p.His359Gln,0.381,9.552,['Likely%20benign'],24.99,0.12,0.0,0.1,0.1
TMPRSS3,21,42376659,NM_024022.4:c.1076A>G,NP_076927.1:p.His359Arg,0.460,21.8,['Likely%20benign'],24.99,0.12,0.0,-0.1,0.1
TMPRSS3,21,42376660,NM_024022.4:c.1075C>T,NP_076927.1:p.His359Tyr,0.236,17.69,['Likely%20benign'],24.99,0.12,0.0,-1.1,1.1
TMPRSS3,21,42376660,NM_024022.4:c.1075C>A,NP_076927.1:p.His359Asn,0.352,21.7,['Likely%20benign'],24.99,0.12,0.0,0.7,0.7
TMPRSS3,21,42376661,NM_024022.4:c.1074C>A,NP_076927.1:p.Asn358Lys,0.223,21.6,['Likely%20benign'],13.57,0.08,0.0,0.0,0.0
TMPRSS3,21,42376666,NM_024022.4:c.1069C>G,NP_076927.1:p.Leu357Val,0.665,24.7,['Unknown%20significance'],2.99,0.01,0.0,1.2,1.2
TMPRSS3,21,42376669,NM_024022.4:c.1066G>C,NP_076927.1:p.Val356Leu,0.228,16.37,['Likely%20benign'],40.99,0.23,0.0,0.0,0.0
TMPRSS3,21,42376669,NM_024022.4:c.1066G>A,NP_076927.1:p.Val356Ile,0.203,15.99,['Likely%20benign'],40.99,0.23,0.0,-0.1,0.1
TMPRSS3,21,42376672,NM_024022.4:c.1063C>T,NP_076927.1:p.Pro355Ser,0.118,15.49,['Likely%20benign'],62.88,0.39,0.0,-0.0,0.0
TMPRSS3,21,42376672,NM_024022.4:c.1063C>G,NP_076927.1:p.Pro355Ala,0.141,14.09,['Likely%20benign'],62.88,0.39,0.0,-0.2,0.2
TMPRSS3,21,42376674,NM_024022.4:c.1061C>T,NP_076927.1:p.Ser354Phe,0.823,29.3,['Unknown%20significance'],11.11,0.08,0.0,-0.6,0.6
TMPRSS3,21,42376677,NM_024022.4:c.1058C>T,NP_076927.1:p.Ala353Val,0.245,22.0,['Unknown%20significance'],29.39,0.23,0.0,-0.5,0.5
TMPRSS3,21,42376678,NM_024022.4:c.1057G>C,NP_076927.1:p.Ala353Pro,0.463,23.0,['Unknown%20significance'],29.39,0.23,0.0,0.1,0.1
TMPRSS3,21,42376678,NM_024022.4:c.1057G>A,NP_076927.1:p.Ala353Thr,0.208,15.57,['Unknown%20significance'],29.39,0.23,0.0,-0.3,0.3
TMPRSS3,21,42376679,NM_024022.4:c.1056C>G,NP_076927.1:p.Asp352Glu,0.119,7.397,['Likely%20benign'],129.6,0.81,0.0,-0.0,0.0
TMPRSS3,21,42376680,NM_024022.4:c.1055A>G,NP_076927.1:p.Asp352Gly,0.252,24.4,['Unknown%20significance'],129.6,0.81,0.0,0.1,0.1
TMPRSS3,21,42376681,NM_024022.4:c.1054G>A,NP_076927.1:p.Asp352Asn,0.164,23.5,['Unknown%20significance'],129.6,0.81,0.0,-0.1,0.1
TMPRSS3,21,42376683,NM_024022.4:c.1052G>A,NP_076927.1:p.Gly351Asp,0.624,26.0,['Unknown%20significance'],85.41,0.89,0.0,0.0,0.0
TMPRSS3,21,42376684,NM_024022.4:c.1051G>A,NP_076927.1:p.Gly351Ser,0.325,31,['Unknown%20significance'],85.41,0.89,0.0,-0.1,0.1
TMPRSS3,21,42380117,NM_024022.4:c.1048G>T,NP_076927.1:p.Ala350Ser,0.444,32,['Unknown%20significance'],54.3,0.42,0.0,-0.1,0.1
TMPRSS3,21,42380117,NM_024022.4:c.1048G>A,NP_076927.1:p.Ala350Thr,0.452,33,['Unknown%20significance'],54.3,0.42,0.0,-0.3,0.3
TMPRSS3,21,42380123,NM_024022.4:c.1042G>T,NP_076927.1:p.Asp348Tyr,0.593,28.5,['Unknown%20significance'],58.69,0.36,0.0,-0.8,0.8
TMPRSS3,21,42380123,NM_024022.4:c.1042G>A,NP_076927.1:p.Asp348Asn,0.285,24.2,['Unknown%20significance'],58.69,0.36,0.0,-0.2,0.2
TMPRSS3,21,42380124,NM_024022.4:c.1041G>T,NP_076927.1:p.Glu347Asp,0.411,18.05,['Unknown%20significance'],142.15,0.72,0.0,0.0,0.0
TMPRSS3,21,42380126,NM_024022.4:c.1039G>A,NP_076927.1:p.Glu347Lys,0.439,22.4,['Unknown%20significance'],142.15,0.72,0.0,0.0,0.0
TMPRSS3,21,42380132,NM_024022.4:c.1033G>T,NP_076927.1:p.Ala345Ser,0.416,23.2,['Unknown%20significance'],12.12,0.09,0.0,0.1,0.1
TMPRSS3,21,42380132,NM_024022.4:c.1033G>A,NP_076927.1:p.Ala345Thr,0.540,22.7,['Unknown%20significance'],12.12,0.09,0.0,-0.1,0.1
TMPRSS3,21,42380134,NM_024022.4:c.1031G>T,NP_076927.1:p.Gly344Val,0.923,26.7,['Unknown%20significance'],2.76,0.02,0.0,-0.2,0.2
TMPRSS3,21,42380134,NM_024022.4:c.1031G>A,NP_076927.1:p.Gly344Glu,0.922,27.0,['Unknown%20significance'],2.76,0.02,0.0,0.7,0.7
TMPRSS3,21,42380135,NM_024022.4:c.1030G>C,NP_076927.1:p.Gly344Arg,0.914,28.0,['Unknown%20significance'],2.76,0.02,0.0,-0.4,0.4
TMPRSS3,21,42380136,NM_024022.4:c.1029G>C,NP_076927.1:p.Trp343Cys,0.851,29.4,['Likely%20pathogenic'],0.0,0.0,0.0,3.5,3.5
TMPRSS3,21,42380137,NM_024022.4:c.1028G>T,NP_076927.1:p.Trp343Leu,0.771,27.0,['Likely%20pathogenic'],0.0,0.0,0.0,2.1,2.1
TMPRSS3,21,42380137,NM_024022.4:c.1028G>C,NP_076927.1:p.Trp343Ser,0.761,27.7,['Likely%20pathogenic'],0.0,0.0,0.0,4.5,4.5
TMPRSS3,21,42380140,NM_024022.4:c.1025G>T,NP_076927.1:p.Gly342Val,0.945,27.8,['Unknown%20significance'],0.0,0.0,0.0,-0.7,0.7
TMPRSS3,21,42380140,NM_024022.4:c.1025G>A,NP_076927.1:p.Gly342Glu,0.959,26.1,['Pathogenic'],0.0,0.0,0.0,1.0,1.0
TMPRSS3,21,42380141,NM_024022.4:c.1024G>C,NP_076927.1:p.Gly342Arg,0.940,26.7,['Unknown%20significance'],0.0,0.0,0.0,-0.1,0.1
TMPRSS3,21,42380141,NM_024022.4:c.1024G>A,NP_076927.1:p.Gly342Arg,0.940,27.0,['Unknown%20significance'],0.0,0.0,0.0,-0.1,0.1
TMPRSS3,21,42380144,NM_024022.4:c.1021T>A,NP_076927.1:p.Ser341Thr,0.609,23.5,['Unknown%20significance'],0.43,0.0,0.0,-0.7,0.7
TMPRSS3,21,42380146,NM_024022.4:c.1019C>T,NP_076927.1:p.Thr340Met,0.520,27.7,['Unknown%20significance'],1.19,0.0,0.0,-1.2,1.2
TMPRSS3,21,42380146,NM_024022.4:c.1019C>G,NP_076927.1:p.Thr340Arg,0.876,32,['Likely%20pathogenic'],1.19,0.0,0.0,0.3,0.3
TMPRSS3,21,42380148,NM_024022.4:c.1017G>C,NP_076927.1:p.Trp339Cys,0.716,29.7,['Unknown%20significance'],92.38,0.35,0.0,0.4,0.4
TMPRSS3,21,42380152,NM_024022.4:c.1013G>T,NP_076927.1:p.Cys338Phe,0.790,26.6,['Unknown%20significance'],0.0,0.0,0.0,-0.6,0.6
TMPRSS3,21,42380153,NM_024022.4:c.1012T>G,NP_076927.1:p.Cys338Gly,0.823,31,['Unknown%20significance'],0.0,0.0,0.0,2.7,2.7
TMPRSS3,21,42380155,NM_024022.4:c.1010T>C,NP_076927.1:p.Val337Ala,0.286,21.1,['Unknown%20significance'],68.56,0.39,0.0,0.6,0.6
TMPRSS3,21,42380157,NM_024022.4:c.1008A>T,NP_076927.1:p.Lys336Asn,0.397,18.30,['Likely%20benign'],59.13,0.24,0.0,-0.2,0.2
TMPRSS3,21,42380159,NM_024022.4:c.1006A>G,NP_076927.1:p.Lys336Glu,0.463,22.9,['Unknown%20significance'],59.13,0.24,0.0,-0.0,0.0
TMPRSS3,21,42380161,NM_024022.4:c.1004G>C,NP_076927.1:p.Gly335Ala,0.672,23.0,['Unknown%20significance'],64.02,0.67,0.0,-0.1,0.1
TMPRSS3,21,42380163,NM_024022.4:c.1002T>A,NP_076927.1:p.Asp334Glu,0.219,0.135,['Likely%20benign'],78.88,0.49,0.0,-0.1,0.1
TMPRSS3,21,42380165,NM_024022.4:c.1000G>A,NP_076927.1:p.Asp334Asn,0.203,16.77,['Unknown%20significance'],78.88,0.49,0.0,-0.2,0.2
TMPRSS3,21,42380167,NM_024022.4:c.998C>T,NP_076927.1:p.Pro333Leu,0.449,23.5,['Unknown%20significance'],69.0,0.43,0.0,-0.4,0.4
TMPRSS3,21,42380167,NM_024022.4:c.998C>G,NP_076927.1:p.Pro333Arg,0.465,25.0,['Unknown%20significance'],69.0,0.43,0.0,-0.3,0.3
TMPRSS3,21,42380167,NM_024022.4:c.998C>A,NP_076927.1:p.Pro333His,0.393,23.3,['Unknown%20significance'],69.0,0.43,0.0,-0.2,0.2
TMPRSS3,21,42380168,NM_024022.4:c.997C>T,NP_076927.1:p.Pro333Ser,0.397,23.2,['Unknown%20significance'],69.0,0.43,0.0,0.1,0.1
TMPRSS3,21,42380173,NM_024022.4:c.992A>G,NP_076927.1:p.Asn331Ser,0.164,6.242,['Likely%20benign'],102.69,0.64,0.0,0.0,0.0
TMPRSS3,21,42380175,NM_024022.4:c.990G>T,NP_076927.1:p.Glu330Asp,0.420,15.74,['Unknown%20significance'],7.04,0.03,0.0,0.2,0.2
TMPRSS3,21,42380179,NM_024022.4:c.986A>C,NP_076927.1:p.Glu329Ala,0.341,23.5,['Unknown%20significance'],102.95,0.52,0.0,0.0,0.0
TMPRSS3,21,42380180,NM_024022.4:c.985G>A,NP_076927.1:p.Glu329Lys,0.393,25.2,['Unknown%20significance'],102.95,0.52,0.0,0.1,0.1
TMPRSS3,21,42380183,NM_024022.4:c.982T>C,NP_076927.1:p.Ser328Pro,0.521,21.0,['Unknown%20significance'],10.45,0.07,0.0,0.2,0.2
TMPRSS3,21,42380185,NM_024022.4:c.980A>G,NP_076927.1:p.Asn327Ser,0.356,22.5,['Unknown%20significance'],9.93,0.06,0.0,0.0,0.0
TMPRSS3,21,42380186,NM_024022.4:c.979A>G,NP_076927.1:p.Asn327Asp,0.405,23.1,['Unknown%20significance'],9.93,0.06,0.0,0.5,0.5
TMPRSS3,21,42380188,NM_024022.4:c.977C>T,NP_076927.1:p.Pro326Leu,0.861,26.5,['Pathogenic'],0.16,0.0,0.0,-0.7,0.7
TMPRSS3,21,42380188,NM_024022.4:c.977C>G,NP_076927.1:p.Pro326Arg,0.884,26.2,['Unknown%20significance'],0.16,0.0,0.0,0.6,0.6
TMPRSS3,21,42380188,NM_024022.4:c.977C>A,NP_076927.1:p.Pro326His,0.879,26.0,['Unknown%20significance'],0.16,0.0,0.0,0.5,0.5
TMPRSS3,21,42380189,NM_024022.4:c.976C>A,NP_076927.1:p.Pro326Thr,0.823,25.2,['Unknown%20significance'],0.16,0.0,0.0,0.6,0.6
TMPRSS3,21,42380191,NM_024022.4:c.974T>A,NP_076927.1:p.Leu325Gln,0.941,26.1,['Pathogenic'],8.69,0.04,0.0,3.5,3.5
TMPRSS3,21,42380194,NM_024022.4:c.971G>A,NP_076927.1:p.Cys324Tyr,0.784,25.9,['Unknown%20significance'],4.68,0.03,0.0,1.0,1.0
TMPRSS3,21,42380195,NM_024022.4:c.970T>C,NP_076927.1:p.Cys324Arg,0.731,27.4,['Unknown%20significance'],4.68,0.03,0.0,2.3,2.3
TMPRSS3,21,42380200,NM_024022.4:c.965C>T,NP_076927.1:p.Pro322Leu,0.836,24.8,['Unknown%20significance'],0.0,0.0,0.0,-0.8,0.8
TMPRSS3,21,42380200,NM_024022.4:c.965C>G,NP_076927.1:p.Pro322Arg,0.898,24.5,['Unknown%20significance'],0.0,0.0,0.0,0.8,0.8
TMPRSS3,21,42380200,NM_024022.4:c.965C>A,NP_076927.1:p.Pro322His,0.896,24.5,['Likely%20pathogenic'],0.0,0.0,0.0,0.8,0.8
TMPRSS3,21,42380201,NM_024022.4:c.964C>T,NP_076927.1:p.Pro322Ser,0.817,25.2,['Unknown%20significance'],0.0,0.0,0.0,1.4,1.4
TMPRSS3,21,42380201,NM_024022.4:c.964C>A,NP_076927.1:p.Pro322Thr,0.777,24.8,['Unknown%20significance'],0.0,0.0,0.0,0.7,0.7
TMPRSS3,21,42380203,NM_024022.4:c.962A>G,NP_076927.1:p.Gln321Arg,0.470,20.1,['Unknown%20significance'],0.58,0.0,0.0,-0.4,0.4
TMPRSS3,21,42380206,NM_024022.4:c.959T>A,NP_076927.1:p.Ile320Asn,0.680,23.2,['Unknown%20significance'],14.43,0.07,0.0,2.5,2.5
TMPRSS3,21,42380207,NM_024022.4:c.958A>T,NP_076927.1:p.Ile320Phe,0.691,19.05,['Unknown%20significance'],14.43,0.07,0.0,0.6,0.6
TMPRSS3,21,42380208,NM_024022.4:c.957G>C,NP_076927.1:p.Met319Ile,0.145,11.20,['Benign'],76.4,0.35,0.0,-0.0,0.0
TMPRSS3,21,42380209,NM_024022.4:c.956T>G,NP_076927.1:p.Met319Arg,0.154,5.523,['Likely%20benign'],76.4,0.35,0.0,0.2,0.2
TMPRSS3,21,42380209,NM_024022.4:c.956T>A,NP_076927.1:p.Met319Lys,0.216,3.467,['Likely%20benign'],76.4,0.35,0.0,1.0,1.0
TMPRSS3,21,42380210,NM_024022.4:c.955A>T,NP_076927.1:p.Met319Leu,0.170,0.145,['Likely%20benign'],76.4,0.35,0.0,-0.0,0.0
TMPRSS3,21,42380210,NM_024022.4:c.955A>G,NP_076927.1:p.Met319Val,0.139,0.146,['Likely%20benign'],76.4,0.35,0.0,0.1,0.1
TMPRSS3,21,42380212,NM_024022.4:c.953A>C,NP_076927.1:p.Glu318Ala,0.233,17.79,['Unknown%20significance'],101.34,0.51,0.0,-0.1,0.1
TMPRSS3,21,42382065,NM_024022.4:c.952G>A,NP_076927.1:p.Glu318Lys,0.246,25.0,['Unknown%20significance'],101.34,0.51,0.0,0.1,0.1
TMPRSS3,21,42382066,NM_024022.4:c.951T>G,NP_076927.1:p.Asn317Lys,0.335,7.281,['Unknown%20significance'],64.29,0.4,0.0,0.4,0.4
TMPRSS3,21,42382067,NM_024022.4:c.950A>G,NP_076927.1:p.Asn317Ser,0.169,15.52,['Unknown%20significance'],64.29,0.4,0.0,0.0,0.0
TMPRSS3,21,42382069,NM_024022.4:c.948C>G,NP_076927.1:p.Phe316Leu,0.258,13.45,['Unknown%20significance'],55.07,0.23,0.0,0.5,0.5
TMPRSS3,21,42382073,NM_024022.4:c.944C>T,NP_076927.1:p.Thr315Met,0.348,21.3,['Unknown%20significance'],128.91,0.81,0.0,-0.1,0.1
TMPRSS3,21,42382073,NM_024022.4:c.944C>G,NP_076927.1:p.Thr315Arg,0.302,18.22,['Likely%20benign'],128.91,0.81,0.0,0.0,0.0
TMPRSS3,21,42382073,NM_024022.4:c.944C>A,NP_076927.1:p.Thr315Lys,0.326,16.54,['Likely%20benign'],128.91,0.81,0.0,0.2,0.2
TMPRSS3,21,42382076,NM_024022.4:c.941T>C,NP_076927.1:p.Leu314Pro,0.660,22.0,['Unknown%20significance'],4.91,0.02,0.0,3.0,3.0
TMPRSS3,21,42382077,NM_024022.4:c.940C>T,NP_076927.1:p.Leu314Phe,0.236,18.29,['Likely%20benign'],4.91,0.02,0.0,0.1,0.1
TMPRSS3,21,42382080,NM_024022.4:c.937C>T,NP_076927.1:p.Pro313Ser,0.598,24.2,['Unknown%20significance'],106.92,0.67,0.0,0.3,0.3
TMPRSS3,21,42382082,NM_024022.4:c.935G>T,NP_076927.1:p.Gly312Val,0.434,12.43,['Likely%20benign'],29.14,0.3,0.0,-1.2,1.2
TMPRSS3,21,42382083,NM_024022.4:c.934G>A,NP_076927.1:p.Gly312Arg,0.467,14.04,['Likely%20benign'],29.14,0.3,0.0,-1.0,1.0
TMPRSS3,21,42382085,NM_024022.4:c.932C>T,NP_076927.1:p.Ala311Val,0.600,22.8,['Unknown%20significance'],66.38,0.52,0.0,-0.3,0.3
TMPRSS3,21,42382088,NM_024022.4:c.929T>C,NP_076927.1:p.Leu310Pro,0.955,26.7,['Unknown%20significance'],0.0,0.0,0.0,4.3,4.3
TMPRSS3,21,42382088,NM_024022.4:c.929T>A,NP_076927.1:p.Leu310Gln,0.972,26.3,['Unknown%20significance'],0.0,0.0,0.0,3.7,3.7
TMPRSS3,21,42382093,NM_024022.4:c.924G>A,NP_076927.1:p.Met308Ile,0.346,20.8,['Unknown%20significance'],0.0,0.0,0.0,-1.5,1.5
TMPRSS3,21,42382094,NM_024022.4:c.923T>G,NP_076927.1:p.Met308Arg,0.880,24.3,['Unknown%20significance'],0.0,0.0,0.0,2.6,2.6
TMPRSS3,21,42382097,NM_024022.4:c.920T>G,NP_076927.1:p.Leu307Arg,0.978,27.8,['Unknown%20significance'],0.0,0.0,0.0,4.6,4.6
TMPRSS3,21,42382098,NM_024022.4:c.919C>T,NP_076927.1:p.Leu307Phe,0.892,26.2,['Unknown%20significance'],0.0,0.0,0.0,1.3,1.3
TMPRSS3,21,42382098,NM_024022.4:c.919C>G,NP_076927.1:p.Leu307Val,0.825,25.3,['Unknown%20significance'],0.0,0.0,0.0,1.0,1.0
TMPRSS3,21,42382100,NM_024022.4:c.917C>T,NP_076927.1:p.Ala306Val,0.882,27.4,['Likely%20pathogenic'],0.0,0.0,0.0,-0.5,0.5
TMPRSS3,21,42382100,NM_024022.4:c.917C>A,NP_076927.1:p.Ala306Asp,0.933,27.5,['Likely%20pathogenic'],0.0,0.0,0.0,3.7,3.7
TMPRSS3,21,42382101,NM_024022.4:c.916G>A,NP_076927.1:p.Ala306Thr,0.851,26.5,['Likely%20pathogenic'],0.0,0.0,0.0,1.5,1.5
TMPRSS3,21,42382103,NM_024022.4:c.914T>C,NP_076927.1:p.Ile305Thr,0.883,26.8,['Unknown%20significance'],0.0,0.0,0.0,3.5,3.5
TMPRSS3,21,42382104,NM_024022.4:c.913A>T,NP_076927.1:p.Ile305Phe,0.857,26.4,['Pathogenic'],0.0,0.0,0.0,1.1,1.1
TMPRSS3,21,42382106,NM_024022.4:c.911A>T,NP_076927.1:p.Asp304Val,0.946,28.0,['Unknown%20significance'],0.0,0.0,0.0,-0.1,0.1
TMPRSS3,21,42382107,NM_024022.4:c.910G>T,NP_076927.1:p.Asp304Tyr,0.932,27.0,['Unknown%20significance'],0.0,0.0,0.0,-0.7,0.7
TMPRSS3,21,42382108,NM_024022.4:c.909T>G,NP_076927.1:p.Asn303Lys,0.522,17.79,['Likely%20benign'],32.83,0.2,0.0,0.4,0.4
TMPRSS3,21,42382108,NM_024022.4:c.909T>A,NP_076927.1:p.Asn303Lys,0.522,17.69,['Likely%20benign'],32.83,0.2,0.0,0.4,0.4
TMPRSS3,21,42382109,NM_024022.4:c.908A>G,NP_076927.1:p.Asn303Ser,0.500,20.7,['Unknown%20significance'],32.83,0.2,0.0,0.3,0.3
TMPRSS3,21,42382110,NM_024022.4:c.907A>G,NP_076927.1:p.Asn303Asp,0.522,17.45,['Likely%20benign'],32.83,0.2,0.0,0.6,0.6
TMPRSS3,21,42382112,NM_024022.4:c.905G>C,NP_076927.1:p.Gly302Ala,0.355,21.9,['Unknown%20significance'],14.9,0.15,0.0,-0.4,0.4
TMPRSS3,21,42382116,NM_024022.4:c.901C>G,NP_076927.1:p.Leu301Val,0.486,13.84,['Unknown%20significance'],47.04,0.24,0.0,0.3,0.3
TMPRSS3,21,42382117,NM_024022.4:c.900G>T,NP_076927.1:p.Arg300Ser,0.547,9.423,['Likely%20benign'],198.51,0.73,0.0,0.1,0.1
TMPRSS3,21,42382117,NM_024022.4:c.900G>C,NP_076927.1:p.Arg300Ser,0.547,9.453,['Likely%20benign'],198.51,0.73,0.0,0.1,0.1
TMPRSS3,21,42382119,NM_024022.4:c.898A>T,NP_076927.1:p.Arg300Trp,0.583,26.0,['Unknown%20significance'],198.51,0.73,0.0,-0.1,0.1
TMPRSS3,21,42382126,NM_024022.4:c.891G>T,NP_076927.1:p.Lys297Asn,0.274,19.26,['Unknown%20significance'],121.93,0.51,0.0,-0.3,0.3
TMPRSS3,21,42382131,NM_024022.4:c.886T>C,NP_076927.1:p.Tyr296His,0.891,28.2,['Unknown%20significance'],2.42,0.01,0.0,2.0,2.0
TMPRSS3,21,42382134,NM_024022.4:c.883A>G,NP_076927.1:p.Lys295Glu,0.330,24.2,['Unknown%20significance'],134.67,0.56,0.0,-0.1,0.1
TMPRSS3,21,42382136,NM_024022.4:c.881G>A,NP_076927.1:p.Ser294Asn,0.432,23.3,['Unknown%20significance'],74.21,0.53,0.0,0.1,0.1
TMPRSS3,21,42382137,NM_024022.4:c.880A>C,NP_076927.1:p.Ser294Arg,0.349,22.4,['Unknown%20significance'],74.21,0.53,0.0,-0.2,0.2
TMPRSS3,21,42382142,NM_024022.4:c.875A>G,NP_076927.1:p.Tyr292Cys,0.567,24.7,['Unknown%20significance'],67.32,0.28,0.0,1.0,1.0
TMPRSS3,21,42382142,NM_024022.4:c.875A>C,NP_076927.1:p.Tyr292Ser,0.476,22.5,['Unknown%20significance'],67.32,0.28,0.0,1.7,1.7
TMPRSS3,21,42382143,NM_024022.4:c.874T>C,NP_076927.1:p.Tyr292His,0.543,24.0,['Unknown%20significance'],67.32,0.28,0.0,1.1,1.1
TMPRSS3,21,42382145,NM_024022.4:c.872T>C,NP_076927.1:p.Val291Ala,0.595,20.9,['Unknown%20significance'],38.14,0.22,0.0,1.6,1.6
TMPRSS3,21,42382146,NM_024022.4:c.871G>T,NP_076927.1:p.Val291Phe,0.599,14.54,['Likely%20benign'],38.14,0.22,0.0,0.0,0.0
TMPRSS3,21,42382146,NM_024022.4:c.871G>C,NP_076927.1:p.Val291Leu,0.349,16.77,['Likely%20benign'],38.14,0.22,0.0,0.1,0.1
TMPRSS3,21,42382146,NM_024022.4:c.871G>A,NP_076927.1:p.Val291Ile,0.347,6.610,['Likely%20benign'],38.14,0.22,0.0,-0.3,0.3
TMPRSS3,21,42382148,NM_024022.4:c.869T>C,NP_076927.1:p.Ile290Thr,0.947,25.8,['Unknown%20significance'],14.02,0.07,0.0,2.4,2.4
TMPRSS3,21,42382149,NM_024022.4:c.868A>T,NP_076927.1:p.Ile290Phe,0.919,26.3,['Unknown%20significance'],14.02,0.07,0.0,0.7,0.7
TMPRSS3,21,42382150,NM_024022.4:c.867G>T,NP_076927.1:p.Lys289Asn,0.515,18.23,['Unknown%20significance'],81.9,0.34,0.0,0.0,0.0
TMPRSS3,21,42382153,NM_024022.4:c.864G>T,NP_076927.1:p.Glu288Asp,0.441,11.26,['Likely%20benign'],93.09,0.47,0.0,0.3,0.3
TMPRSS3,21,42382160,NM_024022.4:c.857T>G,NP_076927.1:p.Leu286Trp,0.478,25.6,['Likely%20benign'],120.2,0.62,0.0,-0.0,0.0
TMPRSS3,21,42382161,NM_024022.4:c.856T>A,NP_076927.1:p.Leu286Met,0.339,21.7,['Unknown%20significance'],120.2,0.62,0.0,0.1,0.1
TMPRSS3,21,42382163,NM_024022.4:c.854A>G,NP_076927.1:p.His285Arg,0.329,20.3,['Likely%20benign'],36.95,0.17,0.0,-0.0,0.0
TMPRSS3,21,42382166,NM_024022.4:c.851C>T,NP_076927.1:p.Ser284Phe,0.490,26.2,['Unknown%20significance'],65.35,0.47,0.0,-0.7,0.7
TMPRSS3,21,42382169,NM_024022.4:c.848C>T,NP_076927.1:p.Pro283Leu,0.494,21.2,['Unknown%20significance'],104.15,0.66,0.0,-0.4,0.4
TMPRSS3,21,42382169,NM_024022.4:c.848C>A,NP_076927.1:p.Pro283Gln,0.468,18.52,['Likely%20benign'],104.15,0.66,0.0,-0.2,0.2
TMPRSS3,21,42382172,NM_024022.4:c.845C>T,NP_076927.1:p.Ala282Val,0.279,17.73,['Likely%20benign'],15.02,0.11,0.0,-0.5,0.5
TMPRSS3,21,42382176,NM_024022.4:c.841C>A,NP_076927.1:p.Pro281Thr,0.467,17.80,['Likely%20benign'],119.48,0.75,0.0,-0.1,0.1
TMPRSS3,21,42382178,NM_024022.4:c.839A>G,NP_076927.1:p.Asn280Ser,0.129,12.25,['Likely%20benign'],154.14,0.96,0.0,0.0,0.0
TMPRSS3,21,42382182,NM_024022.4:c.835G>T,NP_076927.1:p.Asp279Tyr,0.540,22.2,['Unknown%20significance'],63.47,0.39,0.0,-0.7,0.7
TMPRSS3,21,42382182,NM_024022.4:c.835G>A,NP_076927.1:p.Asp279Asn,0.318,19.37,['Likely%20benign'],63.47,0.39,0.0,-0.2,0.2
TMPRSS3,21,42382184,NM_024022.4:c.833T>C,NP_076927.1:p.Leu278Ser,0.443,18.48,['Likely%20benign'],167.81,0.87,0.0,0.1,0.1
TMPRSS3,21,42382185,NM_024022.4:c.832T>G,NP_076927.1:p.Leu278Val,0.334,9.362,['Likely%20benign'],167.81,0.87,0.0,0.0,0.0
TMPRSS3,21,42382185,NM_024022.4:c.832T>A,NP_076927.1:p.Leu278Met,0.244,12.60,['Likely%20benign'],167.81,0.87,0.0,-0.0,0.0
TMPRSS3,21,42382194,NM_024022.4:c.823G>T,NP_076927.1:p.Val275Phe,0.537,22.7,['Unknown%20significance'],19.99,0.11,0.0,-0.3,0.3
TMPRSS3,21,42382194,NM_024022.4:c.823G>A,NP_076927.1:p.Val275Ile,0.169,13.75,['Likely%20benign'],19.99,0.11,0.0,-0.1,0.1
TMPRSS3,21,42382196,NM_024022.4:c.821T>C,NP_076927.1:p.Leu274Pro,0.731,25.2,['Unknown%20significance'],9.14,0.04,0.0,1.9,1.9
TMPRSS3,21,42382197,NM_024022.4:c.820C>G,NP_076927.1:p.Leu274Val,0.363,21.7,['Unknown%20significance'],9.14,0.04,0.0,0.2,0.2
TMPRSS3,21,42382197,NM_024022.4:c.820C>A,NP_076927.1:p.Leu274Ile,0.299,17.19,['Unknown%20significance'],9.14,0.04,0.0,-0.0,0.0
TMPRSS3,21,42382199,NM_024022.4:c.818G>T,NP_076927.1:p.Gly273Val,0.871,24.8,['Likely%20pathogenic'],6.24,0.06,0.0,-0.5,0.5
TMPRSS3,21,42382200,NM_024022.4:c.817G>T,NP_076927.1:p.Gly273Cys,0.934,25.9,['Unknown%20significance'],6.24,0.06,0.0,0.2,0.2
TMPRSS3,21,42382202,NM_024022.4:c.815T>C,NP_076927.1:p.Val272Ala,0.298,16.81,['Unknown%20significance'],0.44,0.0,0.0,1.9,1.9
TMPRSS3,21,42382203,NM_024022.4:c.814G>A,NP_076927.1:p.Val272Met,0.638,25.0,['Unknown%20significance'],0.44,0.0,0.0,0.7,0.7
TMPRSS3,21,42382206,NM_024022.4:c.811C>A,NP_076927.1:p.Gln271Lys,0.378,21.0,['Unknown%20significance'],3.36,0.01,0.0,0.7,0.7
TMPRSS3,21,42382208,NM_024022.4:c.809T>A,NP_076927.1:p.Ile270Asn,0.535,24.4,['Pathogenic'],0.0,0.0,0.0,4.3,4.3
TMPRSS3,21,42382209,NM_024022.4:c.808A>G,NP_076927.1:p.Ile270Val,0.100,11.94,['Likely%20benign'],0.0,0.0,0.0,-0.0,0.0
TMPRSS3,21,42382212,NM_024022.4:c.805A>G,NP_076927.1:p.Thr269Ala,0.247,19.86,['Unknown%20significance'],25.38,0.16,0.0,0.1,0.1
TMPRSS3,21,42382217,NM_024022.4:c.800C>T,NP_076927.1:p.Ser267Leu,0.488,21.0,['Likely%20benign'],18.37,0.13,0.0,-0.7,0.7
TMPRSS3,21,42382220,NM_024022.4:c.797A>G,NP_076927.1:p.Lys266Arg,0.154,21.8,['Likely%20benign'],211.37,0.89,0.0,-0.1,0.1
TMPRSS3,21,42382223,NM_024022.4:c.794C>T,NP_076927.1:p.Pro265Leu,0.729,27.1,['Unknown%20significance'],36.38,0.23,0.0,-0.6,0.6
TMPRSS3,21,42382223,NM_024022.4:c.794C>G,NP_076927.1:p.Pro265Arg,0.746,26.9,['Unknown%20significance'],36.38,0.23,0.0,-0.4,0.4
TMPRSS3,21,42382223,NM_024022.4:c.794C>A,NP_076927.1:p.Pro265His,0.766,27.2,['Unknown%20significance'],36.38,0.23,0.0,-0.2,0.2
TMPRSS3,21,42382224,NM_024022.4:c.793C>T,NP_076927.1:p.Pro265Ser,0.660,23.9,['Unknown%20significance'],36.38,0.23,0.0,0.2,0.2
TMPRSS3,21,42382229,NM_024022.4:c.788A>T,NP_076927.1:p.Tyr263Phe,0.287,22.8,['Unknown%20significance'],131.46,0.54,0.0,0.2,0.2
TMPRSS3,21,42382229,NM_024022.4:c.788A>C,NP_076927.1:p.Tyr263Ser,0.298,22.5,['Unknown%20significance'],131.46,0.54,0.0,0.7,0.7
TMPRSS3,21,42382230,NM_024022.4:c.787T>A,NP_076927.1:p.Tyr263Asn,0.179,23.1,['Unknown%20significance'],131.46,0.54,0.0,0.7,0.7
TMPRSS3,21,42382231,NM_024022.4:c.786G>C,NP_076927.1:p.Leu262Phe,0.201,0.619,['Likely%20benign'],55.39,0.28,0.0,-0.1,0.1
TMPRSS3,21,42383033,NM_024022.4:c.782A>T,NP_076927.1:p.Asp261Val,0.706,30,['Unknown%20significance'],115.75,0.72,0.0,-0.2,0.2
TMPRSS3,21,42383033,NM_024022.4:c.782A>C,NP_076927.1:p.Asp261Ala,0.467,25.1,['Unknown%20significance'],115.75,0.72,0.0,-0.1,0.1
TMPRSS3,21,42383036,NM_024022.4:c.779A>G,NP_076927.1:p.Tyr260Cys,0.685,26.6,['Unknown%20significance'],63.26,0.26,0.0,0.6,0.6
TMPRSS3,21,42383037,NM_024022.4:c.778T>G,NP_076927.1:p.Tyr260Asp,0.574,22.3,['Pathogenic'],63.26,0.26,0.0,1.8,1.8
TMPRSS3,21,42383037,NM_024022.4:c.778T>C,NP_076927.1:p.Tyr260His,0.304,22.1,['Unknown%20significance'],63.26,0.26,0.0,0.9,0.9
TMPRSS3,21,42383040,NM_024022.4:c.775G>A,NP_076927.1:p.Val259Ile,0.334,24.7,['Unknown%20significance'],0.0,0.0,0.0,-0.0,0.0
TMPRSS3,21,42383044,NM_024022.4:c.771C>G,NP_076927.1:p.His257Gln,0.964,26.5,['Likely%20pathogenic'],59.91,0.29,0.0,1.0,1.0
TMPRSS3,21,42383044,NM_024022.4:c.771C>A,NP_076927.1:p.His257Gln,0.964,26.2,['Likely%20pathogenic'],59.91,0.29,0.0,1.0,1.0
TMPRSS3,21,42383045,NM_024022.4:c.770A>T,NP_076927.1:p.His257Leu,0.972,27.6,['Unknown%20significance'],59.91,0.29,0.0,0.5,0.5
TMPRSS3,21,42383046,NM_024022.4:c.769C>T,NP_076927.1:p.His257Tyr,0.966,26.9,['Unknown%20significance'],59.91,0.29,0.0,-0.3,0.3
TMPRSS3,21,42383048,NM_024022.4:c.767C>T,NP_076927.1:p.Ala256Val,0.917,28.6,['Likely%20pathogenic'],0.0,0.0,0.0,-0.1,0.1
TMPRSS3,21,42383051,NM_024022.4:c.764C>T,NP_076927.1:p.Ala255Val,0.911,28.6,['Unknown%20significance'],0.0,0.0,0.0,-0.2,0.2
TMPRSS3,21,42383052,NM_024022.4:c.763G>T,NP_076927.1:p.Ala255Ser,0.848,25.1,['Pathogenic'],0.0,0.0,0.0,1.2,1.2
TMPRSS3,21,42383052,NM_024022.4:c.763G>A,NP_076927.1:p.Ala255Thr,0.907,26.1,['Unknown%20significance'],0.0,0.0,0.0,1.0,1.0
TMPRSS3,21,42383054,NM_024022.4:c.761C>G,NP_076927.1:p.Thr254Ser,0.789,25.3,['Unknown%20significance'],0.0,0.0,0.0,1.5,1.5
TMPRSS3,21,42383056,NM_024022.4:c.759C>G,NP_076927.1:p.Ile253Met,0.111,22.2,['Unknown%20significance'],0.0,0.0,0.0,1.3,1.3
TMPRSS3,21,42383057,NM_024022.4:c.758T>C,NP_076927.1:p.Ile253Thr,0.318,23.8,['Unknown%20significance'],0.0,0.0,0.0,3.7,3.7
TMPRSS3,21,42383058,NM_024022.4:c.757A>G,NP_076927.1:p.Ile253Val,0.073,8.560,['Benign'],0.0,0.0,0.0,0.5,0.5
TMPRSS3,21,42383058,NM_024022.4:c.757A>C,NP_076927.1:p.Ile253Leu,0.121,16.39,['Likely%20benign'],0.0,0.0,0.0,-0.5,0.5
TMPRSS3,21,42383058,NM_024022.4:c.756_757inv,NP_076927.1:p.Ile253Val,,,['Likely%20benign'],0.0,0.0,0.0,0.5,0.5
TMPRSS3,21,42383059,NM_024022.4:c.756C>G,NP_076927.1:p.Ile252Met,0.646,12.78,['Unknown%20significance'],0.0,0.0,0.0,1.9,1.9
TMPRSS3,21,42383060,NM_024022.4:c.755T>A,NP_076927.1:p.Ile252Asn,0.669,25.9,['Unknown%20significance'],0.0,0.0,0.0,5.3,5.3
TMPRSS3,21,42383061,NM_024022.4:c.754A>G,NP_076927.1:p.Ile252Val,0.113,14.43,['Likely%20benign'],0.0,0.0,0.0,0.1,0.1
TMPRSS3,21,42383062,NM_024022.4:c.753G>T,NP_076927.1:p.Trp251Cys,0.760,31,['Unknown%20significance'],1.84,0.0,0.0,3.0,3.0
TMPRSS3,21,42383062,NM_024022.4:c.753G>C,NP_076927.1:p.Trp251Cys,0.760,29.4,['Pathogenic'],1.84,0.0,0.0,3.0,3.0
TMPRSS3,21,42383063,NM_024022.4:c.752G>T,NP_076927.1:p.Trp251Leu,0.627,28.1,['Unknown%20significance'],1.84,0.0,0.0,1.2,1.2
TMPRSS3,21,42383069,NM_024022.4:c.746C>T,NP_076927.1:p.Pro249Leu,0.525,25.4,['Unknown%20significance'],27.62,0.17,0.0,-0.5,0.5
TMPRSS3,21,42383070,NM_024022.4:c.745C>T,NP_076927.1:p.Pro249Ser,0.246,20.9,['Unknown%20significance'],27.62,0.17,0.0,0.3,0.3
TMPRSS3,21,42383070,NM_024022.4:c.745C>A,NP_076927.1:p.Pro249Thr,0.464,24.1,['Unknown%20significance'],27.62,0.17,0.0,0.0,0.0
TMPRSS3,21,42383072,NM_024022.4:c.743C>T,NP_076927.1:p.Thr248Met,0.808,26.7,['Pathogenic'],0.9,0.0,0.0,-0.5,0.5
TMPRSS3,21,42383073,NM_024022.4:c.742A>T,NP_076927.1:p.Thr248Ser,0.187,18.11,['Likely%20benign'],0.9,0.0,0.0,0.4,0.4
TMPRSS3,21,42383076,NM_024022.4:c.739A>T,NP_076927.1:p.Ile247Phe,0.888,26.1,['Unknown%20significance'],0.0,0.0,0.0,1.5,1.5
TMPRSS3,21,42383076,NM_024022.4:c.739A>G,NP_076927.1:p.Ile247Val,0.512,24.5,['Unknown%20significance'],0.0,0.0,0.0,0.9,0.9
TMPRSS3,21,42383078,NM_024022.4:c.737T>C,NP_076927.1:p.Val246Ala,0.478,23.9,['Unknown%20significance'],0.0,0.0,0.0,2.7,2.7
TMPRSS3,21,42383081,NM_024022.4:c.734C>T,NP_076927.1:p.Ser245Phe,0.790,27.5,['Unknown%20significance'],0.0,0.0,0.0,-2.1,2.1
TMPRSS3,21,42383081,NM_024022.4:c.734C>A,NP_076927.1:p.Ser245Tyr,0.833,26.4,['Unknown%20significance'],0.0,0.0,0.0,-1.8,1.8
TMPRSS3,21,42383082,NM_024022.4:c.733T>C,NP_076927.1:p.Ser245Pro,0.817,27.2,['Unknown%20significance'],0.0,0.0,0.0,0.6,0.6
TMPRSS3,21,42383084,NM_024022.4:c.731G>T,NP_076927.1:p.Gly244Val,0.903,25.5,['Unknown%20significance'],0.0,0.0,0.0,-1.1,1.1
TMPRSS3,21,42383084,NM_024022.4:c.731G>A,NP_076927.1:p.Gly244Asp,0.913,26.3,['Pathogenic'],0.0,0.0,0.0,1.6,1.6
TMPRSS3,21,42383085,NM_024022.4:c.730G>C,NP_076927.1:p.Gly244Arg,0.944,26.3,['Unknown%20significance'],0.0,0.0,0.0,0.2,0.2
TMPRSS3,21,42383088,NM_024022.4:c.727G>T,NP_076927.1:p.Gly243Trp,0.963,27.4,['Unknown%20significance'],0.0,0.0,0.0,-2.0,2.0
TMPRSS3,21,42383088,NM_024022.4:c.727G>A,NP_076927.1:p.Gly243Arg,0.975,26.4,['Pathogenic'],0.0,0.0,0.0,-0.6,0.6
TMPRSS3,21,42383089,NM_024022.4:c.726C>G,NP_076927.1:p.Cys242Trp,0.872,23.8,['Pathogenic'],2.62,0.01,0.0,2.3,2.3
TMPRSS3,21,42383091,NM_024022.4:c.724T>C,NP_076927.1:p.Cys242Arg,0.960,28.5,['Unknown%20significance'],2.62,0.01,0.0,4.0,4.0
TMPRSS3,21,42383094,NM_024022.4:c.721C>A,NP_076927.1:p.Leu241Met,0.339,23.0,['Unknown%20significance'],71.52,0.37,0.0,0.2,0.2
TMPRSS3,21,42383095,NM_024022.4:c.720C>A,NP_076927.1:p.His240Gln,0.671,23.8,['Unknown%20significance'],19.34,0.09,0.0,0.8,0.8
TMPRSS3,21,42383099,NM_024022.4:c.716A>G,NP_076927.1:p.Tyr239Cys,0.543,24.2,['Unknown%20significance'],194.43,0.81,0.0,0.4,0.4
TMPRSS3,21,42383100,NM_024022.4:c.715T>C,NP_076927.1:p.Tyr239His,0.158,20.2,['Unknown%20significance'],194.43,0.81,0.0,0.2,0.2
TMPRSS3,21,42383102,NM_024022.4:c.713G>T,NP_076927.1:p.Gly238Val,0.751,25.2,['Unknown%20significance'],56.09,0.58,0.0,-0.2,0.2
TMPRSS3,21,42383103,NM_024022.4:c.712G>A,NP_076927.1:p.Gly238Ser,0.489,24.2,['Unknown%20significance'],56.09,0.58,0.0,-0.1,0.1
TMPRSS3,21,42383104,NM_024022.4:c.711G>C,NP_076927.1:p.Gln237His,0.314,22.0,['Unknown%20significance'],129.16,0.65,0.0,-0.1,0.1
TMPRSS3,21,42383110,NM_024022.4:c.705G>T,NP_076927.1:p.Gln235His,0.348,17.26,['Unknown%20significance'],17.93,0.09,0.0,-0.4,0.4
TMPRSS3,21,42383110,NM_024022.4:c.705G>C,NP_076927.1:p.Gln235His,0.340,17.27,['Unknown%20significance'],17.93,0.09,0.0,-0.4,0.4
TMPRSS3,21,42383111,NM_024022.4:c.704A>T,NP_076927.1:p.Gln235Leu,0.600,26.2,['Unknown%20significance'],17.93,0.09,0.0,-1.3,1.3
TMPRSS3,21,42383114,NM_024022.4:c.701T>C,NP_076927.1:p.Leu234Pro,0.970,29.5,['Unknown%20significance'],0.0,0.0,0.0,4.4,4.4
TMPRSS3,21,42383115,NM_024022.4:c.700C>T,NP_076927.1:p.Leu234Phe,0.846,27.0,['Unknown%20significance'],0.0,0.0,0.0,0.7,0.7
TMPRSS3,21,42383115,NM_024022.4:c.700C>G,NP_076927.1:p.Leu234Val,0.744,25.8,['Unknown%20significance'],0.0,0.0,0.0,0.6,0.6
TMPRSS3,21,42383120,NM_024022.4:c.695C>T,NP_076927.1:p.Ala232Val,0.115,14.99,['Likely%20benign'],0.0,0.0,0.0,-2.2,2.2
TMPRSS3,21,42383120,NM_024022.4:c.695C>A,NP_076927.1:p.Ala232Asp,0.655,24.0,['Likely%20benign'],0.0,0.0,0.0,2.7,2.7
TMPRSS3,21,42383124,NM_024022.4:c.691C>G,NP_076927.1:p.Gln231Glu,0.914,25.9,['Unknown%20significance'],1.01,0.0,0.0,1.0,1.0
TMPRSS3,21,42383124,NM_024022.4:c.691C>A,NP_076927.1:p.Gln231Lys,0.907,27.0,['Unknown%20significance'],1.01,0.0,0.0,1.0,1.0
TMPRSS3,21,42383129,NM_024022.4:c.686C>G,NP_076927.1:p.Pro229Arg,0.962,27.1,['Unknown%20significance'],0.42,0.0,0.0,1.4,1.4
TMPRSS3,21,42383130,NM_024022.4:c.685C>T,NP_076927.1:p.Pro229Ser,0.950,26.2,['Unknown%20significance'],0.42,0.0,0.0,2.2,2.2
TMPRSS3,21,42383130,NM_024022.4:c.685C>G,NP_076927.1:p.Pro229Ala,0.952,25.6,['Unknown%20significance'],0.42,0.0,0.0,1.6,1.6
TMPRSS3,21,42383130,NM_024022.4:c.685C>A,NP_076927.1:p.Pro229Thr,0.960,25.9,['Unknown%20significance'],0.42,0.0,0.0,1.8,1.8
TMPRSS3,21,42383135,NM_024022.4:c.680A>G,NP_076927.1:p.Gln227Arg,0.422,23.3,['Unknown%20significance'],7.6,0.03,0.0,-0.3,0.3
TMPRSS3,21,42383138,NM_024022.4:c.677C>T,NP_076927.1:p.Ser226Leu,0.165,18.28,['Unknown%20significance'],8.42,0.06,0.0,-0.6,0.6
TMPRSS3,21,42383138,NM_024022.4:c.677C>G,NP_076927.1:p.Ser226Trp,0.299,22.3,['Unknown%20significance'],8.42,0.06,0.0,-1.2,1.2
TMPRSS3,21,42383142,NM_024022.4:c.673C>G,NP_076927.1:p.Leu225Val,0.269,2.478,['Likely%20benign'],99.45,0.51,0.0,0.1,0.1
TMPRSS3,21,42383142,NM_024022.4:c.673C>A,NP_076927.1:p.Leu225Ile,0.255,6.142,['Likely%20benign'],99.45,0.51,0.0,-0.1,0.1
TMPRSS3,21,42383143,NM_024022.4:c.672G>C,NP_076927.1:p.Leu224Phe,0.278,3.256,['Likely%20benign'],67.78,0.35,0.0,-0.0,0.0
TMPRSS3,21,42383147,NM_024022.4:c.668C>T,NP_076927.1:p.Ser223Phe,0.575,25.3,['Unknown%20significance'],0.6,0.0,0.0,-1.0,1.0
TMPRSS3,21,42383149,NM_024022.4:c.666G>A,NP_076927.1:p.Met222Ile,0.277,6.661,['Likely%20benign'],113.58,0.52,0.0,-0.0,0.0
TMPRSS3,21,42383153,NM_024022.4:c.662A>G,NP_076927.1:p.Asn221Ser,0.323,16.96,['Unknown%20significance'],73.79,0.46,0.0,0.0,0.0
TMPRSS3,21,42383156,NM_024022.4:c.659G>C,NP_076927.1:p.Gly220Ala,0.831,24.1,['Unknown%20significance'],67.9,0.71,0.0,0.2,0.2
TMPRSS3,21,42383156,NM_024022.4:c.659G>A,NP_076927.1:p.Gly220Glu,0.859,24.8,['Unknown%20significance'],67.9,0.71,0.0,0.5,0.5
TMPRSS3,21,42383160,NM_024022.4:c.655G>C,NP_076927.1:p.Gly219Arg,0.814,24.9,['Unknown%20significance'],69.49,0.72,0.0,0.0,0.0
TMPRSS3,21,42383160,NM_024022.4:c.655G>A,NP_076927.1:p.Gly219Ser,0.829,25.3,['Unknown%20significance'],69.49,0.72,0.0,0.1,0.1
TMPRSS3,21,42383162,NM_024022.4:c.653T>C,NP_076927.1:p.Val218Ala,0.875,23.9,['Unknown%20significance'],79.98,0.46,0.0,0.9,0.9
TMPRSS3,21,42383163,NM_024022.4:c.652G>T,NP_076927.1:p.Val218Leu,0.719,24.3,['Unknown%20significance'],79.98,0.46,0.0,0.3,0.3
TMPRSS3,21,42383163,NM_024022.4:c.652G>A,NP_076927.1:p.Val218Met,0.770,24.8,['Unknown%20significance'],79.98,0.46,0.0,0.4,0.4
TMPRSS3,21,42383165,NM_024022.4:c.650T>A,NP_076927.1:p.Ile217Asn,0.902,26.3,['Unknown%20significance'],215.79,1.0,0.0,0.3,0.3
TMPRSS3,21,42383168,NM_024022.4:c.647G>T,NP_076927.1:p.Arg216Leu,0.780,25.8,['Pathogenic'],193.91,0.71,0.0,-0.0,0.0
TMPRSS3,21,42383168,NM_024022.4:c.647G>A,NP_076927.1:p.Arg216His,0.803,26.1,['Pathogenic'],193.91,0.71,0.0,0.2,0.2
TMPRSS3,21,42383169,NM_024022.4:c.646C>T,NP_076927.1:p.Arg216Cys,0.883,28.6,['Pathogenic'],193.91,0.71,0.0,0.4,0.4
TMPRSS3,21,42383172,NM_024022.4:c.643T>G,NP_076927.1:p.Ser215Ala,0.158,0.114,['Likely%20benign'],103.72,0.75,0.0,-0.0,0.0
TMPRSS3,21,42383175,NM_024022.4:c.640A>G,NP_076927.1:p.Ser214Gly,0.081,8.040,['Likely%20benign'],75.67,0.54,0.0,0.4,0.4
TMPRSS3,21,42383175,NM_024022.4:c.640A>C,NP_076927.1:p.Ser214Arg,0.111,8.664,['Likely%20benign'],75.67,0.54,0.0,-0.1,0.1
TMPRSS3,21,42383177,NM_024022.4:c.638A>G,NP_076927.1:p.Tyr213Cys,0.340,18.57,['Unknown%20significance'],43.48,0.18,0.0,1.3,1.3
TMPRSS3,21,42383178,NM_024022.4:c.637T>C,NP_076927.1:p.Tyr213His,0.234,20.4,['Unknown%20significance'],43.48,0.18,0.0,0.7,0.7
TMPRSS3,21,42383180,NM_024022.4:c.635G>C,NP_076927.1:p.Gly212Ala,0.193,16.91,['Likely%20benign'],55.7,0.58,0.0,-0.3,0.3
TMPRSS3,21,42383183,NM_024022.4:c.632G>A,NP_076927.1:p.Arg211Lys,0.096,0.776,['Likely%20benign'],124.16,0.46,0.0,0.7,0.7
TMPRSS3,21,42383189,NM_024022.4:c.626A>G,NP_076927.1:p.His209Arg,0.078,0.041,['Likely%20benign'],68.57,0.33,0.0,-0.2,0.2
TMPRSS3,21,42383190,NM_024022.4:c.625C>A,NP_076927.1:p.His209Asn,0.104,11.88,['Likely%20benign'],68.57,0.33,0.0,0.4,0.4
TMPRSS3,21,42383193,NM_024022.4:c.622G>A,NP_076927.1:p.Gly208Ser,0.491,24.5,['Unknown%20significance'],0.0,0.0,0.0,0.7,0.7
TMPRSS3,21,42383195,NM_024022.4:c.620G>A,NP_076927.1:p.Cys207Tyr,0.585,24.0,['Unknown%20significance'],1.13,0.0,0.0,1.9,1.9
TMPRSS3,21,42383198,NM_024022.4:c.617C>T,NP_076927.1:p.Ala206Val,0.034,9.149,['Unknown%20significance'],20.51,0.16,0.0,-0.7,0.7
TMPRSS3,21,42383970,NM_024022.4:c.616G>T,NP_076927.1:p.Ala206Ser,0.063,33,['Pathogenic'],20.51,0.16,0.0,0.0,0.0
TMPRSS3,21,42383970,NM_024022.4:c.616G>A,NP_076927.1:p.Ala206Thr,0.068,32,['Unknown%20significance'],20.51,0.16,0.0,-0.1,0.1
TMPRSS3,21,42383973,NM_024022.4:c.613A>G,NP_076927.1:p.Thr205Ala,0.038,13.18,['Likely%20benign'],12.95,0.08,0.0,0.3,0.3
TMPRSS3,21,42383973,NM_024022.4:c.613A>C,NP_076927.1:p.Thr205Pro,0.129,18.46,['Unknown%20significance'],12.95,0.08,0.0,0.6,0.6
TMPRSS3,21,42383975,NM_024022.4:c.611G>A,NP_076927.1:p.Cys204Tyr,0.864,23.3,['Unknown%20significance'],7.07,0.04,0.0,2.0,2.0
TMPRSS3,21,42383979,NM_024022.4:c.607C>G,NP_076927.1:p.Gln203Glu,0.052,16.29,['Unknown%20significance'],29.52,0.14,0.0,0.6,0.6
TMPRSS3,21,42383979,NM_024022.4:c.607C>A,NP_076927.1:p.Gln203Lys,0.081,7.752,['Likely%20benign'],29.52,0.14,0.0,0.5,0.5
TMPRSS3,21,42383982,NM_024022.4:c.604T>G,NP_076927.1:p.Leu202Val,0.081,7.566,['Likely%20benign'],0.64,0.0,0.0,0.2,0.2
TMPRSS3,21,42383984,NM_024022.4:c.602C>T,NP_076927.1:p.Thr201Ile,0.082,19.15,['Likely%20benign'],7.76,0.04,0.0,-1.0,1.0
TMPRSS3,21,42383985,NM_024022.4:c.601A>T,NP_076927.1:p.Thr201Ser,0.019,9.353,['Likely%20benign'],7.76,0.04,0.0,0.6,0.6
TMPRSS3,21,42383988,NM_024022.4:c.598G>T,NP_076927.1:p.Val200Phe,0.384,23.6,['Unknown%20significance'],0.0,0.0,0.0,0.5,0.5
TMPRSS3,21,42383991,NM_024022.4:c.595G>A,NP_076927.1:p.Val199Met,0.263,23.8,['Pathogenic'],0.0,0.0,0.0,0.7,0.7
TMPRSS3,21,42383993,NM_024022.4:c.593A>G,NP_076927.1:p.His198Arg,0.057,1.768,['Likely%20benign'],67.83,0.33,0.0,-0.1,0.1
TMPRSS3,21,42383996,NM_024022.4:c.590G>T,NP_076927.1:p.Gly197Val,0.378,23.3,['Unknown%20significance'],35.36,0.37,0.0,-0.5,0.5
TMPRSS3,21,42383996,NM_024022.4:c.590G>A,NP_076927.1:p.Gly197Asp,0.368,23.1,['Unknown%20significance'],35.36,0.37,0.0,0.1,0.1
TMPRSS3,21,42383997,NM_024022.4:c.589G>C,NP_076927.1:p.Gly197Arg,0.191,17.50,['Unknown%20significance'],35.36,0.37,0.0,-0.6,0.6
TMPRSS3,21,42383999,NM_024022.4:c.587C>T,NP_076927.1:p.Ser196Phe,0.316,25.1,['Unknown%20significance'],58.69,0.42,0.0,-0.2,0.2
TMPRSS3,21,42384002,NM_024022.4:c.584C>T,NP_076927.1:p.Ala195Val,0.079,21.7,['Unknown%20significance'],97.9,0.76,0.0,-0.1,0.1
TMPRSS3,21,42384002,NM_024022.4:c.584C>A,NP_076927.1:p.Ala195Asp,0.082,22.8,['Unknown%20significance'],97.9,0.76,0.0,0.0,0.0
TMPRSS3,21,42384005,NM_024022.4:c.581G>T,NP_076927.1:p.Cys194Phe,0.551,23.5,['Likely%20pathogenic'],20.85,0.13,0.0,2.0,2.0
TMPRSS3,21,42384009,NM_024022.4:c.577G>A,NP_076927.1:p.Gly193Arg,0.128,10.33,['Likely%20benign'],28.06,0.29,0.0,-0.8,0.8
TMPRSS3,21,42385409,NM_024022.4:c.572G>A,NP_076927.1:p.Arg191Lys,0.181,24.8,['Unknown%20significance'],68.76,0.25,0.0,0.7,0.7
TMPRSS3,21,42385412,NM_024022.4:c.569T>G,NP_076927.1:p.Val190Gly,0.109,17.49,['Unknown%20significance'],85.8,0.49,0.0,0.7,0.7
TMPRSS3,21,42385412,NM_024022.4:c.569T>A,NP_076927.1:p.Val190Glu,0.098,15.91,['Likely%20benign'],85.8,0.49,0.0,0.6,0.6
TMPRSS3,21,42385415,NM_024022.4:c.566A>T,NP_076927.1:p.Tyr189Phe,0.134,19.91,['Unknown%20significance'],84.33,0.35,0.0,0.2,0.2
TMPRSS3,21,42385415,NM_024022.4:c.566A>G,NP_076927.1:p.Tyr189Cys,0.253,25.4,['Unknown%20significance'],84.33,0.35,0.0,1.3,1.3
TMPRSS3,21,42385416,NM_024022.4:c.565T>G,NP_076927.1:p.Tyr189Asp,0.219,22.6,['Unknown%20significance'],84.33,0.35,0.0,2.0,2.0
TMPRSS3,21,42385416,NM_024022.4:c.565T>C,NP_076927.1:p.Tyr189His,0.118,18.53,['Likely%20benign'],84.33,0.35,0.0,1.1,1.1
TMPRSS3,21,42385416,NM_024022.4:c.565T>A,NP_076927.1:p.Tyr189Asn,0.104,18.84,['Likely%20benign'],84.33,0.35,0.0,1.7,1.7
TMPRSS3,21,42385418,NM_024022.4:c.563T>C,NP_076927.1:p.Val188Ala,0.150,21.0,['Unknown%20significance'],20.28,0.11,0.0,1.1,1.1
TMPRSS3,21,42385419,NM_024022.4:c.562G>A,NP_076927.1:p.Val188Ile,0.093,17.41,['Unknown%20significance'],20.28,0.11,0.0,-0.2,0.2
TMPRSS3,21,42385422,NM_024022.4:c.559T>C,NP_076927.1:p.Ser187Pro,0.125,21.9,['Likely%20benign'],0.29,0.0,0.0,0.4,0.4
TMPRSS3,21,42385426,NM_024022.4:c.555C>G,NP_076927.1:p.His185Gln,0.102,11.38,['Likely%20benign'],5.52,0.02,0.0,0.5,0.5
TMPRSS3,21,42385426,NM_024022.4:c.555C>A,NP_076927.1:p.His185Gln,0.101,11.80,['Likely%20benign'],5.52,0.02,0.0,0.5,0.5
TMPRSS3,21,42385427,NM_024022.4:c.554A>T,NP_076927.1:p.His185Leu,0.242,23.2,['Pathogenic'],5.52,0.02,0.0,-0.3,0.3
TMPRSS3,21,42385428,NM_024022.4:c.553C>T,NP_076927.1:p.His185Tyr,0.171,22.6,['Unknown%20significance'],5.52,0.02,0.0,-1.0,1.0
TMPRSS3,21,42385430,NM_024022.4:c.551T>C,NP_076927.1:p.Leu184Ser,0.322,22.1,['Pathogenic'],0.0,0.0,0.0,2.8,2.8
TMPRSS3,21,42385431,NM_024022.4:c.550T>G,NP_076927.1:p.Leu184Val,0.217,7.211,['Unknown%20significance'],0.0,0.0,0.0,0.4,0.4
TMPRSS3,21,42385433,NM_024022.4:c.548C>A,NP_076927.1:p.Ala183Glu,0.052,6.664,['Likely%20benign'],4.85,0.03,0.0,0.5,0.5
TMPRSS3,21,42385434,NM_024022.4:c.547G>A,NP_076927.1:p.Ala183Thr,0.024,12.59,['Likely%20benign'],4.85,0.03,0.0,-0.0,0.0
TMPRSS3,21,42385436,NM_024022.4:c.545C>T,NP_076927.1:p.Thr182Ile,0.244,19.94,['Unknown%20significance'],111.59,0.7,0.0,-0.2,0.2
TMPRSS3,21,42385439,NM_024022.4:c.542T>C,NP_076927.1:p.Val181Ala,0.143,20.9,['Unknown%20significance'],0.46,0.0,0.0,1.3,1.3
TMPRSS3,21,42385440,NM_024022.4:c.541G>T,NP_076927.1:p.Val181Leu,0.069,18.31,['Unknown%20significance'],0.46,0.0,0.0,-0.2,0.2
TMPRSS3,21,42385440,NM_024022.4:c.541G>A,NP_076927.1:p.Val181Met,0.101,23.0,['Unknown%20significance'],0.46,0.0,0.0,0.1,0.1
TMPRSS3,21,42385442,NM_024022.4:c.539A>G,NP_076927.1:p.Lys180Arg,0.162,19.23,['Likely%20benign'],127.78,0.53,0.0,-0.5,0.5
TMPRSS3,21,42385443,NM_024022.4:c.538A>G,NP_076927.1:p.Lys180Glu,0.163,19.49,['Unknown%20significance'],127.78,0.53,0.0,0.0,0.0
TMPRSS3,21,42385444,NM_024022.4:c.537C>A,NP_076927.1:p.Asp179Glu,0.032,19.60,['Likely%20benign'],110.87,0.69,0.0,-0.0,0.0
TMPRSS3,21,42385446,NM_024022.4:c.535G>A,NP_076927.1:p.Asp179Asn,0.645,22.4,['Pathogenic'],110.87,0.69,0.0,-0.1,0.1
TMPRSS3,21,42385448,NM_024022.4:c.533A>G,NP_076927.1:p.Asp178Gly,0.155,19.64,['Likely%20benign'],49.83,0.31,0.0,0.4,0.4
TMPRSS3,21,42385449,NM_024022.4:c.532G>A,NP_076927.1:p.Asp178Asn,0.184,18.49,['Likely%20benign'],49.83,0.31,0.0,-0.2,0.2
TMPRSS3,21,42385451,NM_024022.4:c.530C>T,NP_076927.1:p.Pro177Leu,0.092,22.8,['Likely%20benign'],87.83,0.55,0.0,-0.2,0.2
TMPRSS3,21,42385452,NM_024022.4:c.529C>A,NP_076927.1:p.Pro177Thr,0.047,18.06,['Likely%20benign'],87.83,0.55,0.0,-0.2,0.2
TMPRSS3,21,42385457,NM_024022.4:c.524T>G,NP_076927.1:p.Leu175Arg,0.232,22.8,['Unknown%20significance'],161.58,0.83,0.0,0.1,0.1
TMPRSS3,21,42385459,NM_024022.4:c.522C>A,NP_076927.1:p.His174Gln,0.184,22.9,['Unknown%20significance'],122.47,0.59,0.0,0.1,0.1
TMPRSS3,21,42385462,NM_024022.4:c.519T>A,NP_076927.1:p.Asp173Glu,0.055,11.73,['Likely%20benign'],24.92,0.15,0.0,-0.1,0.1
TMPRSS3,21,42385464,NM_024022.4:c.517G>T,NP_076927.1:p.Asp173Tyr,0.063,22.8,['Unknown%20significance'],24.92,0.15,0.0,-1.3,1.3
TMPRSS3,21,42385464,NM_024022.4:c.517G>C,NP_076927.1:p.Asp173His,0.038,20.1,['Unknown%20significance'],24.92,0.15,0.0,-0.7,0.7
TMPRSS3,21,42385464,NM_024022.4:c.517G>A,NP_076927.1:p.Asp173Asn,0.063,16.23,['Likely%20benign'],24.92,0.15,0.0,-0.4,0.4
TMPRSS3,21,42385466,NM_024022.4:c.515T>C,NP_076927.1:p.Ile172Thr,0.092,23.4,['Unknown%20significance'],0.0,0.0,0.0,1.7,1.7
TMPRSS3,21,42385467,NM_024022.4:c.514A>G,NP_076927.1:p.Ile172Val,0.036,14.21,['Likely%20benign'],0.0,0.0,0.0,0.2,0.2
TMPRSS3,21,42385470,NM_024022.4:c.511T>C,NP_076927.1:p.Ser171Pro,0.266,20.7,['Unknown%20significance'],0.0,0.0,0.0,0.4,0.4
TMPRSS3,21,42385472,NM_024022.4:c.509T>C,NP_076927.1:p.Val170Ala,0.023,14.47,['Likely%20benign'],0.0,0.0,0.0,1.6,1.6
TMPRSS3,21,42385473,NM_024022.4:c.508G>C,NP_076927.1:p.Val170Leu,0.074,16.85,['Unknown%20significance'],0.0,0.0,0.0,0.0,0.0
TMPRSS3,21,42385475,NM_024022.4:c.506T>G,NP_076927.1:p.Phe169Cys,0.380,25.4,['Unknown%20significance'],7.39,0.03,0.0,1.5,1.5
TMPRSS3,21,42385477,NM_024022.4:c.504G>T,NP_076927.1:p.Glu168Asp,0.068,5.101,['Likely%20benign'],58.22,0.29,0.0,0.2,0.2
TMPRSS3,21,42385478,NM_024022.4:c.503A>G,NP_076927.1:p.Glu168Gly,0.046,10.86,['Likely%20benign'],58.22,0.29,0.0,0.5,0.5
TMPRSS3,21,42385479,NM_024022.4:c.502G>A,NP_076927.1:p.Glu168Lys,0.085,2.003,['Likely%20benign'],58.22,0.29,0.0,0.1,0.1
TMPRSS3,21,42385481,NM_024022.4:c.500A>C,NP_076927.1:p.Glu167Ala,0.053,7.935,['Likely%20benign'],141.41,0.72,0.0,-0.1,0.1
TMPRSS3,21,42385484,NM_024022.4:c.497G>T,NP_076927.1:p.Arg166Leu,0.050,0.512,['Unknown%20significance'],117.67,0.43,0.0,-0.0,0.0
TMPRSS3,21,42385484,NM_024022.4:c.497G>C,NP_076927.1:p.Arg166Pro,0.166,5.997,['Likely%20benign'],117.67,0.43,0.0,0.7,0.7
TMPRSS3,21,42385484,NM_024022.4:c.497G>A,NP_076927.1:p.Arg166Gln,0.022,0.024,['Likely%20benign'],117.67,0.43,0.0,0.3,0.3
TMPRSS3,21,42385485,NM_024022.4:c.496C>T,NP_076927.1:p.Arg166Trp,0.154,25.9,['Unknown%20significance'],117.67,0.43,0.0,-0.3,0.3
TMPRSS3,21,42385489,NM_024022.4:c.492G>T,NP_076927.1:p.Gln164His,0.066,16.95,['Likely%20benign'],54.27,0.27,0.0,-0.1,0.1
TMPRSS3,21,42385489,NM_024022.4:c.492G>C,NP_076927.1:p.Gln164His,0.061,16.80,['Likely%20benign'],54.27,0.27,0.0,-0.1,0.1
TMPRSS3,21,42385493,NM_024022.4:c.488G>A,NP_076927.1:p.Gly163Glu,0.064,2.975,['Likely%20benign'],55.03,0.57,0.0,-0.0,0.0
TMPRSS3,21,42385494,NM_024022.4:c.487G>A,NP_076927.1:p.Gly163Arg,0.080,13.43,['Unknown%20significance'],55.03,0.57,0.0,-0.4,0.4
TMPRSS3,21,42385499,NM_024022.4:c.482T>C,NP_076927.1:p.Leu161Pro,0.328,22.4,['Unknown%20significance'],8.24,0.04,0.0,1.9,1.9
TMPRSS3,21,42385502,NM_024022.4:c.479C>T,NP_076927.1:p.Ser160Leu,0.045,0.280,['Likely%20benign'],62.9,0.45,0.0,-0.5,0.5
TMPRSS3,21,42385503,NM_024022.4:c.478T>C,NP_076927.1:p.Ser160Pro,0.029,10.17,['Likely%20benign'],62.9,0.45,0.0,0.2,0.2
TMPRSS3,21,42385506,NM_024022.4:c.475A>C,NP_076927.1:p.Ser159Arg,0.033,11.87,['Likely%20benign'],87.7,0.63,0.0,-0.2,0.2
TMPRSS3,21,42385508,NM_024022.4:c.473T>G,NP_076927.1:p.Val158Gly,0.243,19.17,['Unknown%20significance'],38.19,0.22,0.0,2.1,2.1
TMPRSS3,21,42385508,NM_024022.4:c.473T>C,NP_076927.1:p.Val158Ala,0.119,13.81,['Unknown%20significance'],38.19,0.22,0.0,1.0,1.0
TMPRSS3,21,42385510,NM_024022.4:c.471A>C,NP_076927.1:p.Arg157Ser,0.062,2.851,['Likely%20benign'],169.18,0.62,0.0,0.3,0.3
TMPRSS3,21,42385511,NM_024022.4:c.470G>T,NP_076927.1:p.Arg157Ile,0.145,14.57,['Likely%20benign'],169.18,0.62,0.0,-0.2,0.2
TMPRSS3,21,42385512,NM_024022.4:c.469A>G,NP_076927.1:p.Arg157Gly,0.267,4.458,['Likely%20benign'],169.18,0.62,0.0,0.7,0.7
TMPRSS3,21,42385514,NM_024022.4:c.467T>C,NP_076927.1:p.Leu156Pro,0.306,24.7,['Unknown%20significance'],37.92,0.19,0.0,1.8,1.8
TMPRSS3,21,42385514,NM_024022.4:c.467T>A,NP_076927.1:p.Leu156His,0.268,24.3,['Unknown%20significance'],37.92,0.19,0.0,1.1,1.1
TMPRSS3,21,42385515,NM_024022.4:c.466C>T,NP_076927.1:p.Leu156Phe,0.037,18.15,['Likely%20benign'],37.92,0.19,0.0,0.1,0.1
TMPRSS3,21,42385520,NM_024022.4:c.461A>G,NP_076927.1:p.Asp154Gly,0.047,14.74,['Likely%20benign'],87.2,0.54,0.0,0.1,0.1
TMPRSS3,21,42385521,NM_024022.4:c.460G>A,NP_076927.1:p.Asp154Asn,0.025,11.69,['Likely%20benign'],87.2,0.54,0.0,-0.2,0.2
TMPRSS3,21,42385525,NM_024022.4:c.456T>A,NP_076927.1:p.Ser152Arg,0.199,5.400,['Unknown%20significance'],43.65,0.31,0.0,-0.3,0.3
TMPRSS3,21,42385526,NM_024022.4:c.455G>A,NP_076927.1:p.Ser152Asn,0.150,14.40,['Unknown%20significance'],43.65,0.31,0.0,0.1,0.1
TMPRSS3,21,42385529,NM_024022.4:c.452T>A,NP_076927.1:p.Val151Glu,0.297,23.4,['Unknown%20significance'],88.66,0.51,0.0,0.6,0.6
TMPRSS3,21,42385530,NM_024022.4:c.451G>C,NP_076927.1:p.Val151Leu,0.050,13.54,['Unknown%20significance'],88.66,0.51,0.0,0.0,0.0
TMPRSS3,21,42385530,NM_024022.4:c.451G>A,NP_076927.1:p.Val151Met,0.055,15.23,['Unknown%20significance'],88.66,0.51,0.0,0.0,0.0
TMPRSS3,21,42385532,NM_024022.4:c.449A>T,NP_076927.1:p.Tyr150Phe,0.085,13.22,['Likely%20benign'],70.14,0.29,0.0,0.2,0.2
TMPRSS3,21,42385532,NM_024022.4:c.449A>G,NP_076927.1:p.Tyr150Cys,0.356,23.5,['Unknown%20significance'],70.14,0.29,0.0,0.8,0.8
TMPRSS3,21,42385534,NM_024022.4:c.447C>A,NP_076927.1:p.Ser149Arg,0.163,14.36,['Unknown%20significance'],62.08,0.45,0.0,-0.2,0.2
TMPRSS3,21,42388403,NM_024022.4:c.446G>C,NP_076927.1:p.Ser149Thr,0.157,28.5,['Unknown%20significance'],62.08,0.45,0.0,-0.2,0.2
TMPRSS3,21,42388403,NM_024022.4:c.446G>A,NP_076927.1:p.Ser149Asn,0.180,32,['Unknown%20significance'],62.08,0.45,0.0,0.0,0.0
TMPRSS3,21,42388406,NM_024022.4:c.443C>T,NP_076927.1:p.Pro148Leu,0.183,23.3,['Unknown%20significance'],85.45,0.54,0.0,-0.3,0.3
TMPRSS3,21,42388406,NM_024022.4:c.443C>G,NP_076927.1:p.Pro148Arg,0.153,23.8,['Unknown%20significance'],85.45,0.54,0.0,-0.3,0.3
TMPRSS3,21,42388412,NM_024022.4:c.437G>A,NP_076927.1:p.Gly146Asp,0.887,25.7,['Unknown%20significance'],0.31,0.0,0.0,1.1,1.1
TMPRSS3,21,42388413,NM_024022.4:c.436G>A,NP_076927.1:p.Gly146Ser,0.837,26.1,['Likely%20pathogenic'],0.31,0.0,0.0,0.6,0.6
TMPRSS3,21,42388416,NM_024022.4:c.433C>G,NP_076927.1:p.Leu145Val,0.584,25.4,['Unknown%20significance'],0.0,0.0,0.0,1.2,1.2
TMPRSS3,21,42388417,NM_024022.4:c.432A>T,NP_076927.1:p.Gln144His,0.167,21.1,['Unknown%20significance'],1.67,0.0,0.0,-0.1,0.1
TMPRSS3,21,42388419,NM_024022.4:c.430C>A,NP_076927.1:p.Gln144Lys,0.278,24.1,['Unknown%20significance'],1.67,0.0,0.0,0.9,0.9
TMPRSS3,21,42388422,NM_024022.4:c.427G>T,NP_076927.1:p.Ala143Ser,0.035,18.57,['Unknown%20significance'],35.18,0.27,0.0,0.3,0.3
TMPRSS3,21,42388424,NM_024022.4:c.425G>A,NP_076927.1:p.Cys142Tyr,0.947,26.0,['Likely%20pathogenic'],0.0,0.0,0.0,2.7,2.7
TMPRSS3,21,42388431,NM_024022.4:c.418G>C,NP_076927.1:p.Val140Leu,0.051,11.82,['Likely%20benign'],8.9,0.05,0.0,0.5,0.5
TMPRSS3,21,42388431,NM_024022.4:c.418G>A,NP_076927.1:p.Val140Ile,0.038,9.845,['Likely%20benign'],8.9,0.05,0.0,0.2,0.2
TMPRSS3,21,42388433,NM_024022.4:c.416A>G,NP_076927.1:p.Asn139Ser,0.096,7.604,['Likely%20benign'],54.4,0.34,0.0,0.1,0.1
TMPRSS3,21,42388436,NM_024022.4:c.413C>T,NP_076927.1:p.Ala138Val,0.488,24.6,['Unknown%20significance'],0.0,0.0,0.0,-0.2,0.2
TMPRSS3,21,42388436,NM_024022.4:c.413C>A,NP_076927.1:p.Ala138Glu,0.595,24.2,['Pathogenic'],0.0,0.0,0.0,1.4,1.4
TMPRSS3,21,42388437,NM_024022.4:c.412G>T,NP_076927.1:p.Ala138Ser,0.239,19.42,['Likely%20benign'],0.0,0.0,0.0,0.8,0.8
TMPRSS3,21,42388437,NM_024022.4:c.412G>A,NP_076927.1:p.Ala138Thr,0.374,23.1,['Unknown%20significance'],0.0,0.0,0.0,0.5,0.5
TMPRSS3,21,42388440,NM_024022.4:c.409T>C,NP_076927.1:p.Tyr137His,0.062,18.48,['Unknown%20significance'],0.47,0.0,0.0,1.5,1.5
TMPRSS3,21,42388441,NM_024022.4:c.408C>G,NP_076927.1:p.His136Gln,0.126,16.75,['Likely%20benign'],79.09,0.38,0.0,0.2,0.2
TMPRSS3,21,42388442,NM_024022.4:c.407A>G,NP_076927.1:p.His136Arg,0.027,7.967,['Likely%20benign'],79.09,0.38,0.0,-0.1,0.1
TMPRSS3,21,42388445,NM_024022.4:c.404G>A,NP_076927.1:p.Gly135Asp,0.101,7.561,['Likely%20benign'],35.68,0.37,0.0,-0.3,0.3
TMPRSS3,21,42388446,NM_024022.4:c.403G>T,NP_076927.1:p.Gly135Cys,0.164,22.8,['Unknown%20significance'],35.68,0.37,0.0,-0.4,0.4
TMPRSS3,21,42388446,NM_024022.4:c.403G>A,NP_076927.1:p.Gly135Ser,0.055,12.73,['Likely%20benign'],35.68,0.37,0.0,-0.4,0.4
TMPRSS3,21,42388448,NM_024022.4:c.401A>G,NP_076927.1:p.Lys134Arg,0.036,16.98,['Likely%20benign'],113.43,0.47,0.0,-0.5,0.5
TMPRSS3,21,42388448,NM_024022.4:c.401A>C,NP_076927.1:p.Lys134Thr,0.047,17.56,['Likely%20benign'],113.43,0.47,0.0,-0.3,0.3
TMPRSS3,21,42388449,NM_024022.4:c.400A>G,NP_076927.1:p.Lys134Glu,0.143,23.1,['Unknown%20significance'],113.43,0.47,0.0,0.0,0.0
TMPRSS3,21,42388450,NM_024022.4:c.399G>C,NP_076927.1:p.Trp133Cys,0.707,27.8,['Pathogenic'],38.01,0.14,0.0,2.7,2.7
TMPRSS3,21,42388452,NM_024022.4:c.397T>C,NP_076927.1:p.Trp133Arg,0.868,28.4,['Unknown%20significance'],38.01,0.14,0.0,2.7,2.7
TMPRSS3,21,42388454,NM_024022.4:c.395A>G,NP_076927.1:p.Asp132Gly,0.087,22.7,['Unknown%20significance'],57.04,0.35,0.0,0.1,0.1
TMPRSS3,21,42388456,NM_024022.4:c.393T>G,NP_076927.1:p.Asp131Glu,0.083,12.92,['Likely%20benign'],14.66,0.09,0.0,0.2,0.2
TMPRSS3,21,42388456,NM_024022.4:c.393T>A,NP_076927.1:p.Asp131Glu,0.077,12.85,['Likely%20benign'],14.66,0.09,0.0,0.2,0.2
TMPRSS3,21,42388458,NM_024022.4:c.391G>C,NP_076927.1:p.Asp131His,0.368,26.4,['Unknown%20significance'],14.66,0.09,0.0,-0.5,0.5
TMPRSS3,21,42388458,NM_024022.4:c.391G>A,NP_076927.1:p.Asp131Asn,0.339,26.3,['Unknown%20significance'],14.66,0.09,0.0,-0.1,0.1
TMPRSS3,21,42388460,NM_024022.4:c.389C>T,NP_076927.1:p.Ser130Phe,0.339,23.1,['Unknown%20significance'],16.26,0.11,0.0,-1.1,1.1
TMPRSS3,21,42388461,NM_024022.4:c.388T>G,NP_076927.1:p.Ser130Ala,0.079,13.71,['Likely%20benign'],16.26,0.11,0.0,-0.2,0.2
TMPRSS3,21,42388461,NM_024022.4:c.388T>C,NP_076927.1:p.Ser130Pro,0.381,22.8,['Unknown%20significance'],16.26,0.11,0.0,0.4,0.4
TMPRSS3,21,42388464,NM_024022.4:c.385T>A,NP_076927.1:p.Cys129Ser,0.947,26.4,['Unknown%20significance'],0.0,0.0,0.0,4.6,4.6
TMPRSS3,21,42388466,NM_024022.4:c.383T>G,NP_076927.1:p.Met128Arg,0.311,23.9,['Unknown%20significance'],0.0,0.0,0.0,1.5,1.5
TMPRSS3,21,42388466,NM_024022.4:c.383T>C,NP_076927.1:p.Met128Thr,0.163,23.4,['Unknown%20significance'],0.0,0.0,0.0,1.3,1.3
TMPRSS3,21,42388467,NM_024022.4:c.382A>G,NP_076927.1:p.Met128Val,0.095,0.348,['Likely%20benign'],0.0,0.0,0.0,-1.4,1.4
TMPRSS3,21,42388469,NM_024022.4:c.380C>T,NP_076927.1:p.Thr127Ile,0.520,26.1,['Unknown%20significance'],0.0,0.0,0.0,-1.4,1.4
TMPRSS3,21,42388470,NM_024022.4:c.379A>G,NP_076927.1:p.Thr127Ala,0.331,24.4,['Unknown%20significance'],0.0,0.0,0.0,0.1,0.1
TMPRSS3,21,42388476,NM_024022.4:c.373T>C,NP_076927.1:p.Trp125Arg,0.912,28.7,['Unknown%20significance'],45.06,0.17,0.0,3.2,3.2
TMPRSS3,21,42388478,NM_024022.4:c.371C>T,NP_076927.1:p.Ser124Leu,0.078,22.1,['Pathogenic'],33.69,0.24,0.0,-0.7,0.7
TMPRSS3,21,42388478,NM_024022.4:c.371C>G,NP_076927.1:p.Ser124Trp,0.181,25.6,['Unknown%20significance'],33.69,0.24,0.0,-0.8,0.8
TMPRSS3,21,42388481,NM_024022.4:c.368C>T,NP_076927.1:p.Ala123Val,0.298,23.4,['Unknown%20significance'],22.88,0.17,0.0,-0.2,0.2
TMPRSS3,21,42388482,NM_024022.4:c.367G>T,NP_076927.1:p.Ala123Ser,0.080,22.2,['Unknown%20significance'],22.88,0.17,0.0,0.1,0.1
TMPRSS3,21,42388482,NM_024022.4:c.367G>A,NP_076927.1:p.Ala123Thr,0.175,24.1,['Unknown%20significance'],22.88,0.17,0.0,-0.0,0.0
TMPRSS3,21,42388484,NM_024022.4:c.365C>G,NP_076927.1:p.Ala122Gly,0.029,18.15,['Likely%20benign'],42.72,0.33,0.0,0.4,0.4
TMPRSS3,21,42388484,NM_024022.4:c.365C>A,NP_076927.1:p.Ala122Asp,0.022,15.84,['Likely%20benign'],42.72,0.33,0.0,0.0,0.0
TMPRSS3,21,42388485,NM_024022.4:c.364G>A,NP_076927.1:p.Ala122Thr,0.051,16.37,['Likely%20benign'],42.72,0.33,0.0,-0.2,0.2
TMPRSS3,21,42388487,NM_024022.4:c.362C>G,NP_076927.1:p.Thr121Arg,0.100,18.04,['Likely%20benign'],7.05,0.04,0.0,-0.2,0.2
TMPRSS3,21,42388490,NM_024022.4:c.359T>C,NP_076927.1:p.Phe120Ser,0.271,24.9,['Unknown%20significance'],5.95,0.02,0.0,2.7,2.7
TMPRSS3,21,42388491,NM_024022.4:c.358T>C,NP_076927.1:p.Phe120Leu,0.161,22.9,['Unknown%20significance'],5.95,0.02,0.0,0.7,0.7
TMPRSS3,21,42388493,NM_024022.4:c.356T>C,NP_076927.1:p.Val119Ala,0.527,25.3,['Unknown%20significance'],0.0,0.0,0.0,2.6,2.6
TMPRSS3,21,42388493,NM_024022.4:c.356T>A,NP_076927.1:p.Val119Glu,0.813,26.5,['Unknown%20significance'],0.0,0.0,0.0,3.9,3.9
TMPRSS3,21,42388499,NM_024022.4:c.350T>C,NP_076927.1:p.Leu117Pro,0.951,26.1,['Unknown%20significance'],0.0,0.0,0.0,4.1,4.1
TMPRSS3,21,42388500,NM_024022.4:c.349C>T,NP_076927.1:p.Leu117Phe,0.724,25.3,['Unknown%20significance'],0.0,0.0,0.0,0.6,0.6
TMPRSS3,21,42388502,NM_024022.4:c.347T>C,NP_076927.1:p.Val116Ala,0.070,12.39,['Likely%20benign'],0.0,0.0,0.0,1.6,1.6
TMPRSS3,21,42388503,NM_024022.4:c.346G>T,NP_076927.1:p.Val116Leu,0.197,21.3,['Unknown%20significance'],0.0,0.0,0.0,-0.2,0.2
TMPRSS3,21,42388503,NM_024022.4:c.346G>A,NP_076927.1:p.Val116Met,0.695,23.4,['Likely%20pathogenic'],0.0,0.0,0.0,0.2,0.2
TMPRSS3,21,42388505,NM_024022.4:c.344C>T,NP_076927.1:p.Ala115Val,0.176,17.64,['Unknown%20significance'],21.14,0.16,0.0,-0.5,0.5
TMPRSS3,21,42388505,NM_024022.4:c.344C>G,NP_076927.1:p.Ala115Gly,0.121,14.60,['Likely%20benign'],21.14,0.16,0.0,0.4,0.4
TMPRSS3,21,42388506,NM_024022.4:c.343G>A,NP_076927.1:p.Ala115Thr,0.179,17.21,['Unknown%20significance'],21.14,0.16,0.0,0.0,0.0
TMPRSS3,21,42388508,NM_024022.4:c.341A>G,NP_076927.1:p.Asn114Ser,0.055,3.057,['Likely%20benign'],17.72,0.11,0.0,0.1,0.1
TMPRSS3,21,42388511,NM_024022.4:c.338A>G,NP_076927.1:p.Gln113Arg,0.062,0.142,['Likely%20benign'],54.61,0.27,0.0,-0.4,0.4
TMPRSS3,21,42388514,NM_024022.4:c.335G>T,NP_076927.1:p.Gly112Val,0.668,23.5,['Unknown%20significance'],0.0,0.0,0.0,-1.2,1.2
TMPRSS3,21,42388515,NM_024022.4:c.334G>A,NP_076927.1:p.Gly112Ser,0.450,24.0,['Unknown%20significance'],0.0,0.0,0.0,-0.5,0.5
TMPRSS3,21,42388517,NM_024022.4:c.332G>A,NP_076927.1:p.Gly111Asp,0.206,17.69,['Unknown%20significance'],0.0,0.0,0.0,-0.5,0.5
TMPRSS3,21,42388518,NM_024022.4:c.331G>T,NP_076927.1:p.Gly111Cys,0.252,22.9,['Unknown%20significance'],0.0,0.0,0.0,-1.0,1.0
TMPRSS3,21,42388518,NM_024022.4:c.331G>A,NP_076927.1:p.Gly111Ser,0.110,15.27,['Benign'],0.0,0.0,0.0,-0.9,0.9
TMPRSS3,21,42388520,NM_024022.4:c.329T>G,NP_076927.1:p.Val110Gly,0.509,23.2,['Unknown%20significance'],4.59,0.02,0.0,2.9,2.9
TMPRSS3,21,42388520,NM_024022.4:c.329T>C,NP_076927.1:p.Val110Ala,0.379,23.9,['Unknown%20significance'],4.59,0.02,0.0,1.7,1.7
TMPRSS3,21,42388523,NM_024022.4:c.326G>A,NP_076927.1:p.Arg109Gln,0.563,26.4,['Pathogenic'],22.67,0.08,0.0,0.4,0.4
TMPRSS3,21,42388524,NM_024022.4:c.325C>T,NP_076927.1:p.Arg109Trp,0.767,24.9,['Pathogenic'],22.67,0.08,0.0,-0.6,0.6
TMPRSS3,21,42388929,NM_024022.4:c.322G>A,NP_076927.1:p.Val108Ile,0.152,33,['Unknown%20significance'],0.97,0.0,0.0,0.1,0.1
TMPRSS3,21,42388932,NM_024022.4:c.319T>C,NP_076927.1:p.Cys107Arg,0.985,26.0,['Unknown%20significance'],0.0,0.0,0.0,3.7,3.7
TMPRSS3,21,42388934,NM_024022.4:c.317G>A,NP_076927.1:p.Arg106His,0.474,22.7,['Unknown%20significance'],17.51,0.06,0.0,-0.0,0.0
TMPRSS3,21,42388935,NM_024022.4:c.316C>T,NP_076927.1:p.Arg106Cys,0.742,25.5,['Likely%20pathogenic'],17.51,0.06,0.0,-0.1,0.1
TMPRSS3,21,42388937,NM_024022.4:c.314A>G,NP_076927.1:p.Tyr105Cys,0.617,22.1,['Unknown%20significance'],20.8,0.08,0.0,0.7,0.7
TMPRSS3,21,42388938,NM_024022.4:c.313T>C,NP_076927.1:p.Tyr105His,0.423,23.3,['Unknown%20significance'],20.8,0.08,0.0,0.6,0.6
TMPRSS3,21,42388941,NM_024022.4:c.310G>A,NP_076927.1:p.Glu104Lys,0.953,25.4,['Likely%20pathogenic'],17.22,0.08,0.0,0.1,0.1
TMPRSS3,21,42388942,NM_024022.4:c.309C>G,NP_076927.1:p.Asp103Glu,0.684,7.180,['Unknown%20significance'],0.0,0.0,0.0,0.8,0.8
TMPRSS3,21,42388942,NM_024022.4:c.309C>A,NP_076927.1:p.Asp103Glu,0.686,7.059,['Unknown%20significance'],0.0,0.0,0.0,0.8,0.8
TMPRSS3,21,42388943,NM_024022.4:c.308A>T,NP_076927.1:p.Asp103Val,0.981,26.1,['Unknown%20significance'],0.0,0.0,0.0,0.8,0.8
TMPRSS3,21,42388943,NM_024022.4:c.308A>G,NP_076927.1:p.Asp103Gly,0.986,27.6,['Pathogenic'],0.0,0.0,0.0,2.0,2.0
TMPRSS3,21,42388944,NM_024022.4:c.307G>A,NP_076927.1:p.Asp103Asn,0.884,25.1,['Unknown%20significance'],0.0,0.0,0.0,0.3,0.3
TMPRSS3,21,42388950,NM_024022.4:c.301G>C,NP_076927.1:p.Gly101Arg,0.698,24.0,['Unknown%20significance'],15.18,0.15,0.0,-0.7,0.7
TMPRSS3,21,42388950,NM_024022.4:c.301G>A,NP_076927.1:p.Gly101Arg,0.681,24.2,['Unknown%20significance'],15.18,0.15,0.0,-0.7,0.7
TMPRSS3,21,42388953,NM_024022.4:c.298G>C,NP_076927.1:p.Asp100His,0.372,14.03,['Unknown%20significance'],86.22,0.53,0.0,0.0,0.0
TMPRSS3,21,42388953,NM_024022.4:c.298G>A,NP_076927.1:p.Asp100Asn,0.263,10.29,['Likely%20benign'],86.22,0.53,0.0,0.1,0.1
TMPRSS3,21,42388955,NM_024022.4:c.296A>T,NP_076927.1:p.Lys99Ile,0.464,11.16,['Likely%20benign'],144.96,0.61,0.0,-0.1,0.1
TMPRSS3,21,42388955,NM_024022.4:c.296A>G,NP_076927.1:p.Lys99Arg,0.323,4.777,['Unknown%20significance'],144.96,0.61,0.0,-0.4,0.4
TMPRSS3,21,42388956,NM_024022.4:c.295A>C,NP_076927.1:p.Lys99Gln,0.340,17.92,['Likely%20benign'],144.96,0.61,0.0,-0.2,0.2
TMPRSS3,21,42388959,NM_024022.4:c.292T>G,NP_076927.1:p.Cys98Gly,0.945,24.7,['Unknown%20significance'],8.93,0.05,0.0,5.0,5.0
TMPRSS3,21,42388962,NM_024022.4:c.289G>C,NP_076927.1:p.Asp97His,0.440,14.55,['Unknown%20significance'],48.05,0.3,0.0,0.0,0.0
TMPRSS3,21,42388964,NM_024022.4:c.287C>T,NP_076927.1:p.Ser96Leu,0.221,7.135,['Likely%20benign'],86.78,0.62,0.0,-0.1,0.1
TMPRSS3,21,42388968,NM_024022.4:c.283G>C,NP_076927.1:p.Val95Leu,0.495,16.74,['Unknown%20significance'],105.37,0.61,0.0,0.1,0.1
TMPRSS3,21,42388968,NM_024022.4:c.283G>A,NP_076927.1:p.Val95Ile,0.353,9.858,['Likely%20benign'],105.37,0.61,0.0,-0.1,0.1
TMPRSS3,21,42388971,NM_024022.4:c.280G>A,NP_076927.1:p.Gly94Arg,0.884,23.8,['Pathogenic'],43.09,0.45,0.0,0.2,0.2
TMPRSS3,21,42388974,NM_024022.4:c.277G>A,NP_076927.1:p.Asp93Asn,0.404,14.96,['Unknown%20significance'],57.44,0.35,0.0,0.2,0.2
TMPRSS3,21,42388976,NM_024022.4:c.275G>A,NP_076927.1:p.Cys92Tyr,0.909,23.7,['Unknown%20significance'],0.0,0.0,0.0,2.8,2.8
TMPRSS3,21,42388977,NM_024022.4:c.274T>C,NP_076927.1:p.Cys92Arg,0.919,24.4,['Unknown%20significance'],0.0,0.0,0.0,3.8,3.8
TMPRSS3,21,42388979,NM_024022.4:c.272G>T,NP_076927.1:p.Arg91Leu,0.500,21.9,['Unknown%20significance'],20.93,0.07,0.0,-0.3,0.3
TMPRSS3,21,42388979,NM_024022.4:c.272G>A,NP_076927.1:p.Arg91Gln,0.346,18.25,['Unknown%20significance'],20.93,0.07,0.0,0.6,0.6
TMPRSS3,21,42388982,NM_024022.4:c.269C>A,NP_076927.1:p.Ala90Asp,0.595,22.7,['Unknown%20significance'],14.01,0.11,0.0,0.6,0.6
TMPRSS3,21,42388983,NM_024022.4:c.268G>A,NP_076927.1:p.Ala90Thr,0.466,22.4,['Benign'],14.01,0.11,0.0,-0.1,0.1
TMPRSS3,21,42388985,NM_024022.4:c.266T>C,NP_076927.1:p.Ile89Thr,0.288,12.34,['Likely%20benign'],116.64,0.59,0.0,0.1,0.1
TMPRSS3,21,42388986,NM_024022.4:c.265A>C,NP_076927.1:p.Ile89Leu,0.219,2.868,['Likely%20benign'],116.64,0.59,0.0,0.0,0.0
TMPRSS3,21,42388988,NM_024022.4:c.263T>C,NP_076927.1:p.Leu88Pro,0.235,13.75,['Likely%20benign'],61.87,0.32,0.0,1.3,1.3
TMPRSS3,21,42388991,NM_024022.4:c.260A>G,NP_076927.1:p.Glu87Gly,0.380,19.15,['Likely%20benign'],96.67,0.49,0.0,0.3,0.3
TMPRSS3,21,42388992,NM_024022.4:c.259G>C,NP_076927.1:p.Glu87Gln,0.299,13.96,['Likely%20benign'],96.67,0.49,0.0,-0.3,0.3
TMPRSS3,21,42388992,NM_024022.4:c.259G>A,NP_076927.1:p.Glu87Lys,0.298,16.38,['Likely%20benign'],96.67,0.49,0.0,0.1,0.1
TMPRSS3,21,42388994,NM_024022.4:c.257T>G,NP_076927.1:p.Ile86Ser,0.689,24.7,['Unknown%20significance'],18.62,0.09,0.0,3.5,3.5
TMPRSS3,21,42388994,NM_024022.4:c.257T>A,NP_076927.1:p.Ile86Asn,0.655,24.5,['Unknown%20significance'],18.62,0.09,0.0,3.5,3.5
TMPRSS3,21,42388995,NM_024022.4:c.256A>G,NP_076927.1:p.Ile86Val,0.410,17.08,['Likely%20benign'],18.62,0.09,0.0,0.7,0.7
TMPRSS3,21,42388997,NM_024022.4:c.254G>A,NP_076927.1:p.Cys85Tyr,0.955,24.7,['Unknown%20significance'],40.67,0.26,0.0,1.9,1.9
TMPRSS3,21,42388998,NM_024022.4:c.253T>G,NP_076927.1:p.Cys85Gly,0.959,26.1,['Unknown%20significance'],40.67,0.26,0.0,3.7,3.7
TMPRSS3,21,42388998,NM_024022.4:c.253T>C,NP_076927.1:p.Cys85Arg,0.970,26.0,['Unknown%20significance'],40.67,0.26,0.0,2.9,2.9
TMPRSS3,21,42388998,NM_024022.4:c.253T>A,NP_076927.1:p.Cys85Ser,0.970,25.2,['Unknown%20significance'],40.67,0.26,0.0,3.0,3.0
TMPRSS3,21,42389000,NM_024022.4:c.251A>C,NP_076927.1:p.Lys84Thr,0.490,18.33,['Unknown%20significance'],111.09,0.46,0.0,-0.3,0.3
TMPRSS3,21,42389003,NM_024022.4:c.248T>G,NP_076927.1:p.Phe83Cys,0.620,24.3,['Unknown%20significance'],146.42,0.63,0.0,0.1,0.1
TMPRSS3,21,42389004,NM_024022.4:c.247T>C,NP_076927.1:p.Phe83Leu,0.318,20.4,['Likely%20benign'],146.42,0.63,0.0,0.2,0.2
TMPRSS3,21,42389006,NM_024022.4:c.245C>T,NP_076927.1:p.Ser82Phe,0.773,28.4,['Unknown%20significance'],34.5,0.25,0.0,-0.0,0.0
TMPRSS3,21,42389006,NM_024022.4:c.245C>G,NP_076927.1:p.Ser82Cys,0.732,26.9,['Unknown%20significance'],34.5,0.25,0.0,0.4,0.4
TMPRSS3,21,42389007,NM_024022.4:c.244T>G,NP_076927.1:p.Ser82Ala,0.494,23.5,['Unknown%20significance'],34.5,0.25,0.0,0.4,0.4
TMPRSS3,21,42389009,NM_024022.4:c.242C>T,NP_076927.1:p.Ser81Leu,0.733,27.3,['Unknown%20significance'],35.91,0.26,0.0,0.0,0.0
TMPRSS3,21,42389012,NM_024022.4:c.239G>T,NP_076927.1:p.Arg80Leu,0.529,19.08,['Likely%20benign'],77.5,0.28,0.0,0.2,0.2
TMPRSS3,21,42389012,NM_024022.4:c.239G>A,NP_076927.1:p.Arg80His,0.355,19.59,['Likely%20benign'],77.5,0.28,0.0,0.1,0.1
TMPRSS3,21,42389013,NM_024022.4:c.238C>T,NP_076927.1:p.Arg80Cys,0.602,24.5,['Pathogenic'],77.5,0.28,0.0,0.1,0.1
TMPRSS3,21,42389013,NM_024022.4:c.238C>A,NP_076927.1:p.Arg80Ser,0.486,21.3,['Likely%20benign'],77.5,0.28,0.0,0.4,0.4
TMPRSS3,21,42389015,NM_024022.4:c.236G>A,NP_076927.1:p.Cys79Tyr,0.972,25.4,['Unknown%20significance'],4.97,0.03,0.0,2.8,2.8
TMPRSS3,21,42389016,NM_024022.4:c.235T>C,NP_076927.1:p.Cys79Arg,0.971,26.5,['Pathogenic'],4.97,0.03,0.0,3.9,3.9
TMPRSS3,21,42389017,NM_024022.4:c.234A>C,NP_076927.1:p.Arg78Ser,0.699,21.7,['Unknown%20significance'],109.18,0.4,0.0,0.5,0.5
TMPRSS3,21,42389022,NM_024022.4:c.229T>C,NP_076927.1:p.Tyr77His,0.550,25.6,['Unknown%20significance'],10.27,0.04,0.0,2.2,2.2
TMPRSS3,21,42389022,NM_024022.4:c.229T>A,NP_076927.1:p.Tyr77Asn,0.624,25.7,['Unknown%20significance'],10.27,0.04,0.0,3.2,3.2
TMPRSS3,21,42389024,NM_024022.4:c.227A>G,NP_076927.1:p.Lys76Arg,0.418,22.9,['Unknown%20significance'],102.95,0.43,0.0,-0.5,0.5
TMPRSS3,21,42389024,NM_024022.4:c.227A>C,NP_076927.1:p.Lys76Thr,0.593,24.0,['Unknown%20significance'],102.95,0.43,0.0,-0.2,0.2
TMPRSS3,21,42389025,NM_024022.4:c.226A>G,NP_076927.1:p.Lys76Glu,0.514,23.8,['Unknown%20significance'],102.95,0.43,0.0,-0.1,0.1
TMPRSS3,21,42389027,NM_024022.4:c.224G>A,NP_076927.1:p.Gly75Glu,0.785,25.1,['Unknown%20significance'],69.45,0.72,0.0,0.0,0.0
TMPRSS3,21,42389030,NM_024022.4:c.221C>T,NP_076927.1:p.Ser74Leu,0.552,22.6,['Unknown%20significance'],112.44,0.81,0.0,-0.0,0.0
TMPRSS3,21,42389031,NM_024022.4:c.220T>C,NP_076927.1:p.Ser74Pro,0.355,22.3,['Likely%20benign'],112.44,0.81,0.0,-0.0,0.0
TMPRSS3,21,42389033,NM_024022.4:c.218G>A,NP_076927.1:p.Cys73Tyr,0.870,25.6,['Pathogenic'],25.27,0.16,0.0,2.3,2.3
TMPRSS3,21,42389034,NM_024022.4:c.217T>A,NP_076927.1:p.Cys73Ser,0.873,26.7,['Unknown%20significance'],25.27,0.16,0.0,3.3,3.3
TMPRSS3,21,42389037,NM_024022.4:c.214G>T,NP_076927.1:p.Asp72Tyr,0.522,26.1,['Unknown%20significance'],79.43,0.49,0.0,-0.7,0.7
TMPRSS3,21,42389037,NM_024022.4:c.214G>A,NP_076927.1:p.Asp72Asn,0.303,21.6,['Unknown%20significance'],79.43,0.49,0.0,-0.2,0.2
TMPRSS3,21,42389038,NM_024022.4:c.213C>G,NP_076927.1:p.Phe71Leu,0.262,14.86,['Likely%20benign'],52.85,0.23,0.0,0.5,0.5
TMPRSS3,21,42389038,NM_024022.4:c.213C>A,NP_076927.1:p.Phe71Leu,0.250,17.72,['Likely%20benign'],52.85,0.23,0.0,0.5,0.5
TMPRSS3,21,42389039,NM_024022.4:c.212T>G,NP_076927.1:p.Phe71Cys,0.624,23.1,['Unknown%20significance'],52.85,0.23,0.0,0.7,0.7
TMPRSS3,21,42389039,NM_024022.4:c.212T>C,NP_076927.1:p.Phe71Ser,0.595,24.6,['Benign'],52.85,0.23,0.0,1.8,1.8
TMPRSS3,21,42389041,NM_024022.4:c.210C>G,NP_076927.1:p.His70Gln,0.304,22.6,['Unknown%20significance'],127.54,0.62,0.0,0.2,0.2
TMPRSS3,21,42389042,NM_024022.4:c.209A>T,NP_076927.1:p.His70Leu,0.473,22.4,['Unknown%20significance'],127.54,0.62,0.0,-0.2,0.2
TMPRSS3,21,42389042,NM_024022.4:c.209A>G,NP_076927.1:p.His70Arg,0.380,20.8,['Unknown%20significance'],127.54,0.62,0.0,0.1,0.1
TMPRSS3,21,42389045,NM_024022.4:c.206T>G,NP_076927.1:p.Ile69Ser,0.471,24.7,['Unknown%20significance'],134.17,0.68,0.0,0.7,0.7
TMPRSS3,21,42389929,NM_024022.4:c.203G>C,NP_076927.1:p.Gly68Ala,0.460,23.3,['Unknown%20significance'],48.22,0.5,0.0,-0.5,0.5
TMPRSS3,21,42389929,NM_024022.4:c.203G>A,NP_076927.1:p.Gly68Asp,0.562,23.7,['Unknown%20significance'],48.22,0.5,0.0,0.1,0.1
TMPRSS3,21,42389933,NM_024022.4:c.199C>A,NP_076927.1:p.Leu67Met,0.397,26.4,['Unknown%20significance'],101.04,0.52,0.0,0.4,0.4
TMPRSS3,21,42389936,NM_024022.4:c.196G>T,NP_076927.1:p.Gly66Cys,0.589,25.8,['Unknown%20significance'],36.07,0.37,0.0,-0.6,0.6
TMPRSS3,21,42389939,NM_024022.4:c.193A>T,NP_076927.1:p.Ile65Phe,0.390,22.3,['Unknown%20significance'],122.94,0.62,0.0,0.2,0.2
TMPRSS3,21,42389939,NM_024022.4:c.193A>G,NP_076927.1:p.Ile65Val,0.112,18.63,['Likely%20benign'],122.94,0.62,0.0,0.1,0.1
TMPRSS3,21,42389941,NM_024022.4:c.191C>T,NP_076927.1:p.Ala64Val,0.508,26.8,['Unknown%20significance'],60.9,0.47,0.0,-0.5,0.5
TMPRSS3,21,42389944,NM_024022.4:c.188T>G,NP_076927.1:p.Leu63Arg,0.548,24.3,['Likely%20pathogenic'],106.57,0.55,0.0,1.0,1.0
TMPRSS3,21,42389944,NM_024022.4:c.188T>C,NP_076927.1:p.Leu63Pro,0.641,24.2,['Unknown%20significance'],106.57,0.55,0.0,1.3,1.3
TMPRSS3,21,42389952,NM_024022.4:c.180A>G,NP_076927.1:p.Ile60Met,0.475,18.66,['Unknown%20significance'],110.37,0.56,0.0,0.4,0.4
TMPRSS3,21,42389956,NM_024022.4:c.176T>C,NP_076927.1:p.Leu59Ser,0.422,23.9,['Unknown%20significance'],117.31,0.6,0.0,1.4,1.4
TMPRSS3,21,42389959,NM_024022.4:c.173C>T,NP_076927.1:p.Ala58Val,0.209,18.93,['Likely%20benign'],55.24,0.43,0.0,-0.8,0.8
TMPRSS3,21,42389959,NM_024022.4:c.173C>A,NP_076927.1:p.Ala58Glu,0.367,22.0,['Unknown%20significance'],55.24,0.43,0.0,1.0,1.0
TMPRSS3,21,42389962,NM_024022.4:c.170T>C,NP_076927.1:p.Ile57Thr,0.383,23.4,['Unknown%20significance'],95.44,0.48,0.0,1.5,1.5
TMPRSS3,21,42389964,NM_024022.4:c.168C>G,NP_076927.1:p.Ile56Met,0.232,19.58,['Likely%20benign'],94.48,0.48,0.0,0.4,0.4
TMPRSS3,21,42389968,NM_024022.4:c.164G>A,NP_076927.1:p.Gly55Glu,0.406,23.1,['Unknown%20significance'],38.73,0.4,0.0,0.1,0.1
TMPRSS3,21,42389970,NM_024022.4:c.162T>G,NP_076927.1:p.Ile54Met,0.308,6.585,['Likely%20benign'],121.94,0.62,0.0,0.4,0.4
TMPRSS3,21,42389971,NM_024022.4:c.161T>C,NP_076927.1:p.Ile54Thr,0.240,17.90,['Unknown%20significance'],121.94,0.62,0.0,1.0,1.0
TMPRSS3,21,42389971,NM_024022.4:c.161T>A,NP_076927.1:p.Ile54Asn,0.276,22.4,['Likely%20benign'],121.94,0.62,0.0,1.5,1.5
TMPRSS3,21,42389972,NM_024022.4:c.160A>T,NP_076927.1:p.Ile54Phe,0.196,14.05,['Likely%20benign'],121.94,0.62,0.0,0.2,0.2
TMPRSS3,21,42389975,NM_024022.4:c.157G>T,NP_076927.1:p.Val53Phe,0.333,22.5,['Likely%20benign'],63.73,0.37,0.0,0.2,0.2
TMPRSS3,21,42389975,NM_024022.4:c.157G>A,NP_076927.1:p.Val53Ile,0.111,13.09,['Benign'],63.73,0.37,0.0,-0.1,0.1
TMPRSS3,21,42389978,NM_024022.4:c.154A>G,NP_076927.1:p.Ile52Val,0.122,13.36,['Likely%20benign'],64.15,0.32,0.0,0.2,0.2
TMPRSS3,21,42389981,NM_024022.4:c.151A>T,NP_076927.1:p.Ile51Phe,0.364,15.06,['Likely%20benign'],111.72,0.56,0.0,0.3,0.3
TMPRSS3,21,42389981,NM_024022.4:c.151A>G,NP_076927.1:p.Ile51Val,0.069,10.60,['Likely%20benign'],111.72,0.56,0.0,0.2,0.2
TMPRSS3,21,42389983,NM_024022.4:c.149C>T,NP_076927.1:p.Pro50Leu,0.557,21.4,['Unknown%20significance'],72.87,0.46,0.0,-1.6,1.6
TMPRSS3,21,42389984,NM_024022.4:c.148C>T,NP_076927.1:p.Pro50Ser,0.414,18.42,['Unknown%20significance'],72.87,0.46,0.0,0.1,0.1
TMPRSS3,21,42389986,NM_024022.4:c.146T>C,NP_076927.1:p.Phe49Ser,0.555,23.8,['Unknown%20significance'],73.61,0.32,0.0,2.1,2.1
TMPRSS3,21,42389987,NM_024022.4:c.145T>C,NP_076927.1:p.Phe49Leu,0.221,17.00,['Unknown%20significance'],73.61,0.32,0.0,0.0,0.0
TMPRSS3,21,42389990,NM_024022.4:c.142T>C,NP_076927.1:p.Phe48Leu,0.379,21.5,['Unknown%20significance'],129.72,0.56,0.0,0.0,0.0
TMPRSS3,21,42389992,NM_024022.4:c.140A>G,NP_076927.1:p.Lys47Arg,0.323,23.0,['Unknown%20significance'],203.15,0.85,0.0,-0.2,0.2
TMPRSS3,21,42389993,NM_024022.4:c.139A>G,NP_076927.1:p.Lys47Glu,0.465,24.2,['Unknown%20significance'],203.15,0.85,0.0,0.0,0.0
TMPRSS3,21,42389998,NM_024022.4:c.134C>T,NP_076927.1:p.Pro45Leu,0.462,22.1,['Unknown%20significance'],78.19,0.49,0.0,0.1,0.1
TMPRSS3,21,42389999,NM_024022.4:c.133C>T,NP_076927.1:p.Pro45Ser,0.273,20.8,['Unknown%20significance'],78.19,0.49,0.0,0.9,0.9
TMPRSS3,21,42389999,NM_024022.4:c.133C>G,NP_076927.1:p.Pro45Ala,0.315,18.19,['Unknown%20significance'],78.19,0.49,0.0,0.6,0.6
TMPRSS3,21,42389999,NM_024022.4:c.133C>A,NP_076927.1:p.Pro45Thr,0.275,19.62,['Unknown%20significance'],78.19,0.49,0.0,0.7,0.7
TMPRSS3,21,42390001,NM_024022.4:c.131T>G,NP_076927.1:p.Leu44Arg,0.377,25.2,['Unknown%20significance'],53.95,0.27,0.0,1.6,1.6
TMPRSS3,21,42390002,NM_024022.4:c.130C>G,NP_076927.1:p.Leu44Val,0.093,17.58,['Likely%20benign'],53.95,0.27,0.0,0.3,0.3
TMPRSS3,21,42390004,NM_024022.4:c.128T>C,NP_076927.1:p.Leu43Pro,0.613,25.3,['Unknown%20significance'],152.4,0.79,0.0,0.6,0.6
TMPRSS3,21,42390004,NM_024022.4:c.128T>A,NP_076927.1:p.Leu43Gln,0.558,23.3,['Unknown%20significance'],152.4,0.79,0.0,0.5,0.5
TMPRSS3,21,42390008,NM_024022.4:c.124T>C,NP_076927.1:p.Ser42Pro,0.356,22.2,['Likely%20benign'],94.92,0.68,0.0,0.1,0.1
TMPRSS3,21,42390010,NM_024022.4:c.122T>C,NP_076927.1:p.Leu41Pro,0.571,22.6,['Unknown%20significance'],88.7,0.45,0.0,1.6,1.6
TMPRSS3,21,42390015,NM_024022.4:c.117G>T,NP_076927.1:p.Gln39His,0.256,21.2,['Likely%20benign'],112.31,0.56,0.0,0.0,0.0
TMPRSS3,21,42390017,NM_024022.4:c.115C>G,NP_076927.1:p.Gln39Glu,0.259,17.80,['Likely%20benign'],112.31,0.56,0.0,0.4,0.4
TMPRSS3,21,42390019,NM_024022.4:c.113C>T,NP_076927.1:p.Ala38Val,0.347,23.6,['Unknown%20significance'],66.8,0.52,0.0,-0.1,0.1
TMPRSS3,21,42390022,NM_024022.4:c.110C>T,NP_076927.1:p.Ala37Val,0.238,24.6,['Unknown%20significance'],51.82,0.4,0.0,-0.2,0.2
TMPRSS3,21,42390028,NM_024022.4:c.104C>T,NP_076927.1:p.Ala35Val,0.144,10.13,['Likely%20benign'],62.39,0.49,0.0,0.1,0.1
TMPRSS3,21,42390029,NM_024022.4:c.103G>T,NP_076927.1:p.Ala35Ser,0.214,12.93,['Likely%20benign'],62.39,0.49,0.0,0.4,0.4
TMPRSS3,21,42390031,NM_024022.4:c.101A>T,NP_076927.1:p.Asp34Val,0.485,22.5,['Unknown%20significance'],120.09,0.75,0.0,-0.1,0.1
TMPRSS3,21,42390031,NM_024022.4:c.101A>G,NP_076927.1:p.Asp34Gly,0.446,17.34,['Likely%20benign'],120.09,0.75,0.0,0.5,0.5
TMPRSS3,21,42390032,NM_024022.4:c.100G>A,NP_076927.1:p.Asp34Asn,0.224,22.2,['Unknown%20significance'],120.09,0.75,0.0,0.0,0.0
TMPRSS3,21,42390034,NM_024022.4:c.98C>T,NP_076927.1:p.Ala33Val,0.187,17.44,['Likely%20benign'],83.52,0.65,0.0,0.2,0.2
TMPRSS3,21,42390034,NM_024022.4:c.98C>G,NP_076927.1:p.Ala33Gly,0.115,19.05,['Likely%20benign'],83.52,0.65,0.0,0.5,0.5
TMPRSS3,21,42390035,NM_024022.4:c.97G>A,NP_076927.1:p.Ala33Thr,0.277,18.83,['Unknown%20significance'],83.52,0.65,0.0,0.2,0.2
TMPRSS3,21,42390036,NM_024022.4:c.96T>G,NP_076927.1:p.Asp32Glu,0.334,9.149,['Likely%20benign'],88.37,0.55,0.0,0.2,0.2
TMPRSS3,21,42390036,NM_024022.4:c.96T>A,NP_076927.1:p.Asp32Glu,0.334,11.15,['Likely%20benign'],88.37,0.55,0.0,0.2,0.2
TMPRSS3,21,42390037,NM_024022.4:c.95A>T,NP_076927.1:p.Asp32Val,0.588,26.1,['Unknown%20significance'],88.37,0.55,0.0,0.2,0.2
TMPRSS3,21,42390037,NM_024022.4:c.95A>G,NP_076927.1:p.Asp32Gly,0.510,20.3,['Unknown%20significance'],88.37,0.55,0.0,0.7,0.7
TMPRSS3,21,42395324,NM_024022.4:c.94G>A,NP_076927.1:p.Asp32Asn,0.243,26.0,['Unknown%20significance'],88.37,0.55,0.0,0.1,0.1
TMPRSS3,21,42395326,NM_024022.4:c.92C>A,NP_076927.1:p.Pro31Gln,0.235,19.85,['Unknown%20significance'],118.7,0.75,0.0,0.2,0.2
TMPRSS3,21,42395330,NM_024022.4:c.88G>C,NP_076927.1:p.Ala30Pro,0.194,8.021,['Likely%20benign'],108.19,0.85,0.0,0.2,0.2
TMPRSS3,21,42395332,NM_024022.4:c.86T>G,NP_076927.1:p.Val29Gly,0.156,15.74,['Likely%20benign'],130.03,0.75,0.0,0.5,0.5
TMPRSS3,21,42395333,NM_024022.4:c.85G>C,NP_076927.1:p.Val29Leu,0.106,6.035,['Likely%20benign'],130.03,0.75,0.0,0.2,0.2
TMPRSS3,21,42395333,NM_024022.4:c.85G>A,NP_076927.1:p.Val29Ile,0.119,6.008,['Likely%20benign'],130.03,0.75,0.0,0.1,0.1
TMPRSS3,21,42395335,NM_024022.4:c.83C>T,NP_076927.1:p.Pro28Leu,0.397,23.1,['Unknown%20significance'],167.26,1.0,0.0,0.1,0.1
TMPRSS3,21,42395335,NM_024022.4:c.83C>A,NP_076927.1:p.Pro28His,0.312,22.9,['Unknown%20significance'],167.26,1.0,0.0,0.1,0.1
TMPRSS3,21,42395336,NM_024022.4:c.82C>T,NP_076927.1:p.Pro28Ser,0.141,14.82,['Likely%20benign'],167.26,1.0,0.0,0.2,0.2
TMPRSS3,21,42395342,NM_024022.4:c.76A>T,NP_076927.1:p.Ile26Leu,0.251,22.6,['Unknown%20significance'],118.86,0.6,0.0,0.2,0.2
TMPRSS3,21,42395342,NM_024022.4:c.76A>G,NP_076927.1:p.Ile26Val,0.233,17.58,['Likely%20benign'],118.86,0.6,0.0,-0.1,0.1
TMPRSS3,21,42395344,NM_024022.4:c.74A>G,NP_076927.1:p.Lys25Arg,0.257,21.0,['Unknown%20significance'],239.37,1.0,0.0,-0.1,0.1
TMPRSS3,21,42395347,NM_024022.4:c.71T>G,NP_076927.1:p.Leu24Trp,0.321,25.1,['Unknown%20significance'],94.05,0.48,0.0,0.2,0.2
TMPRSS3,21,42395350,NM_024022.4:c.68A>G,NP_076927.1:p.Asp23Gly,0.507,23.8,['Unknown%20significance'],115.39,0.72,0.0,0.4,0.4
TMPRSS3,21,42395351,NM_024022.4:c.67G>C,NP_076927.1:p.Asp23His,0.460,24.6,['Unknown%20significance'],115.39,0.72,0.0,0.0,0.0
TMPRSS3,21,42395351,NM_024022.4:c.67G>A,NP_076927.1:p.Asp23Asn,0.222,23.6,['Unknown%20significance'],115.39,0.72,0.0,0.1,0.1
TMPRSS3,21,42395353,NM_024022.4:c.65A>G,NP_076927.1:p.Asp22Gly,0.430,24.5,['Unknown%20significance'],111.22,0.69,0.0,0.4,0.4
TMPRSS3,21,42395354,NM_024022.4:c.64G>C,NP_076927.1:p.Asp22His,0.397,23.8,['Unknown%20significance'],111.22,0.69,0.0,-0.1,0.1
TMPRSS3,21,42395356,NM_024022.4:c.62T>C,NP_076927.1:p.Leu21Pro,0.568,25.6,['Unknown%20significance'],68.17,0.35,0.0,2.0,2.0
TMPRSS3,21,42395361,NM_024022.4:c.57T>G,NP_076927.1:p.Phe19Leu,0.526,18.00,['Likely%20benign'],154.17,0.67,0.0,0.6,0.6
TMPRSS3,21,42395366,NM_024022.4:c.52C>T,NP_076927.1:p.Leu18Phe,0.154,18.64,['Likely%20benign'],108.9,0.56,0.0,0.0,0.0
TMPRSS3,21,42395366,NM_024022.4:c.52C>A,NP_076927.1:p.Leu18Ile,0.131,18.33,['Likely%20benign'],108.9,0.56,0.0,0.3,0.3
TMPRSS3,21,42395368,NM_024022.4:c.50C>T,NP_076927.1:p.Ser17Leu,0.367,22.8,['Unknown%20significance'],79.38,0.57,0.0,-0.4,0.4
TMPRSS3,21,42395371,NM_024022.4:c.47G>T,NP_076927.1:p.Arg16Leu,0.430,23.6,['Unknown%20significance'],120.68,0.44,0.0,-0.2,0.2
TMPRSS3,21,42395371,NM_024022.4:c.47G>A,NP_076927.1:p.Arg16Gln,0.301,22.6,['Unknown%20significance'],120.68,0.44,0.0,0.4,0.4
TMPRSS3,21,42395377,NM_024022.4:c.41C>T,NP_076927.1:p.Ser14Leu,0.434,24.4,['Unknown%20significance'],46.26,0.33,0.0,-0.6,0.6
TMPRSS3,21,42395378,NM_024022.4:c.40T>G,NP_076927.1:p.Ser14Ala,0.314,23.8,['Unknown%20significance'],46.26,0.33,0.0,-0.0,0.0
TMPRSS3,21,42395379,NM_024022.4:c.39C>G,NP_076927.1:p.Phe13Leu,0.403,25.9,['Unknown%20significance'],149.4,0.65,0.0,0.8,0.8
TMPRSS3,21,42395381,NM_024022.4:c.37T>G,NP_076927.1:p.Phe13Val,0.561,25.8,['Unknown%20significance'],149.4,0.65,0.0,1.0,1.0
TMPRSS3,21,42395383,NM_024022.4:c.35C>T,NP_076927.1:p.Pro12Leu,0.506,23.5,['Unknown%20significance'],143.87,0.91,0.0,-0.1,0.1
TMPRSS3,21,42395384,NM_024022.4:c.34C>T,NP_076927.1:p.Pro12Ser,0.420,21.0,['Unknown%20significance'],143.87,0.91,0.0,0.0,0.0
TMPRSS3,21,42395384,NM_024022.4:c.34C>G,NP_076927.1:p.Pro12Ala,0.326,17.62,['Unknown%20significance'],143.87,0.91,0.0,0.0,0.0
TMPRSS3,21,42395386,NM_024022.4:c.32C>T,NP_076927.1:p.Ala11Val,0.082,16.52,['Likely%20benign'],101.75,0.8,0.0,-0.3,0.3
TMPRSS3,21,42395386,NM_024022.4:c.32C>A,NP_076927.1:p.Ala11Asp,0.128,17.05,['Unknown%20significance'],101.75,0.8,0.0,0.3,0.3
TMPRSS3,21,42395390,NM_024022.4:c.28G>A,NP_076927.1:p.Glu10Lys,0.438,23.0,['Unknown%20significance'],183.75,0.94,0.0,0.1,0.1
TMPRSS3,21,42395392,NM_024022.4:c.26T>C,NP_076927.1:p.Val9Ala,0.177,9.485,['Likely%20benign'],156.72,0.91,0.0,0.1,0.1
TMPRSS3,21,42395393,NM_024022.4:c.25G>C,NP_076927.1:p.Val9Leu,0.143,0.320,['Likely%20benign'],156.72,0.91,0.0,0.1,0.1
TMPRSS3,21,42395393,NM_024022.4:c.25G>A,NP_076927.1:p.Val9Ile,0.107,0.132,['Likely%20benign'],156.72,0.91,0.0,0.0,0.0
TMPRSS3,21,42395396,NM_024022.4:c.22G>C,NP_076927.1:p.Ala8Pro,0.336,22.3,['Unknown%20significance'],117.85,0.92,0.0,0.1,0.1
TMPRSS3,21,42395396,NM_024022.4:c.22G>A,NP_076927.1:p.Ala8Thr,0.163,14.82,['Likely%20benign'],117.85,0.92,0.0,0.0,0.0
TMPRSS3,21,42395398,NM_024022.4:c.20C>T,NP_076927.1:p.Pro7Leu,0.211,23.4,['Unknown%20significance'],134.06,0.85,0.0,0.1,0.1
TMPRSS3,21,42395401,NM_024022.4:c.17C>T,NP_076927.1:p.Pro6Leu,0.260,17.83,['Unknown%20significance'],136.09,0.86,0.0,-0.2,0.2
TMPRSS3,21,42395402,NM_024022.4:c.16C>T,NP_076927.1:p.Pro6Ser,0.203,23.0,['Likely%20benign'],136.09,0.86,0.0,0.2,0.2
TMPRSS3,21,42395403,NM_024022.4:c.15T>A,NP_076927.1:p.Asp5Glu,0.153,12.12,['Likely%20benign'],106.67,0.66,0.0,-0.0,0.0
TMPRSS3,21,42395405,NM_024022.4:c.13G>T,NP_076927.1:p.Asp5Tyr,0.266,24.6,['Unknown%20significance'],106.67,0.66,0.0,-0.2,0.2
TMPRSS3,21,42395407,NM_024022.4:c.11A>T,NP_076927.1:p.Asn4Ile,0.211,22.7,['Unknown%20significance'],185.83,1.0,0.0,0.1,0.1
TMPRSS3,21,42395408,NM_024022.4:c.10A>T,NP_076927.1:p.Asn4Tyr,0.195,23.4,['Unknown%20significance'],185.83,1.0,0.0,0.0,0.0
TMPRSS3,21,42395410,NM_024022.4:c.8A>T,NP_076927.1:p.Glu3Val,0.316,27.5,['Unknown%20significance'],164.92,0.84,0.0,0.1,0.1
TMPRSS3,21,42395410,NM_024022.4:c.8A>G,NP_076927.1:p.Glu3Gly,0.310,27.4,['Unknown%20significance'],164.92,0.84,0.0,0.3,0.3
TMPRSS3,21,42395411,NM_024022.4:c.7G>A,NP_076927.1:p.Glu3Lys,0.334,23.8,['Unknown%20significance'],164.92,0.84,0.0,-0.0,0.0
TMPRSS3,21,42395413,NM_024022.4:c.5G>A,NP_076927.1:p.Gly2Glu,0.262,23.1,['Unknown%20significance'],79.68,0.83,0.0,0.2,0.2
TMPRSS3,21,42395414,NM_024022.4:c.4G>C,NP_076927.1:p.Gly2Arg,0.267,23.2,['Unknown%20significance'],79.68,0.83,0.0,0.0,0.0
TMPRSS3,21,42395414,NM_024022.4:c.4G>A,NP_076927.1:p.Gly2Arg,0.270,23.2,['Unknown%20significance'],79.68,0.83,0.0,0.0,0.0